PDF Page,Screen Number,Arabic Name,English Name,Module,Platform,Route / Component,State / Variant,API Dependencies,Database Entities,Test IDs,Implementation Status,QA Status,Notes
1,1,,,Design System & Scenarios,design-system,,,,,,Reference,N/A,
1,2,,,Design System & Scenarios,design-system,,,,,,Reference,N/A,
1,3,,,Design System & Scenarios,design-system,,,,,,Reference,N/A,
2,4,,,Design System & Scenarios,design-system,,,,,,Reference,N/A,
3,5,,,Design System & Scenarios,design-system,,,,,,Reference,N/A,
4,6,,,Design System & Scenarios,design-system,,,,,,Reference,N/A,
5,7,,,Design System & Scenarios,design-system,,,,,,Reference,N/A,
6,8,,,Design System & Scenarios,design-system,,,,,,Reference,N/A,
7,9,,,Design System & Scenarios,design-system,,,,,,Reference,N/A,
8,10,,,Design System & Scenarios,design-system,,,,,,Reference,N/A,
9,11,,,Design System & Scenarios,design-system,,,,,,Reference,N/A,
10,12,,,Design System & Scenarios,design-system,,,,,,Reference,N/A,
11,13,,,Design System & Scenarios,design-system,,,,,,Reference,N/A,
12,14,,,Design System & Scenarios,design-system,,,,,,Reference,N/A,
13,15,تسجيل الدخول بالهاتف,Phone login,التسجيل والتحقق من الشركة | Registration & Company Verification,client,/login,Phone entry,POST /api/auth/otp/request,OtpCodes,flutter-auth-flow,Implemented,Automated,Responsive shared auth component
14,16,اختيار طريقة الدخول,Login method,التسجيل والتحقق من الشركة | Registration & Company Verification,client,/login,Email or phone variant,POST /api/auth/login,Users;RefreshTokens,flutter-auth-flow,Implemented,Automated,Responsive shared auth component
15,17,إدخال رمز التحقق,OTP entry,التسجيل والتحقق من الشركة | Registration & Company Verification,client,/otp,OTP input,POST /api/auth/otp/verify,OtpCodes,flutter-auth-flow,Implemented,Automated,Final pixel QA pending
16,18,إعادة إرسال الرمز,OTP resend,التسجيل والتحقق من الشركة | Registration & Company Verification,client,/otp,Resend and timer,POST /api/auth/otp/request,OtpCodes,flutter-auth-flow,Implemented,Automated,Attempt and timer state
17,19,إنشاء حساب جديد,New account,التسجيل والتحقق من الشركة | Registration & Company Verification,client,/register,Registration start,POST /api/auth/register-company,Users;Tenants,flutter-auth-flow,Implemented,Automated,Two-step registration
18,20,بيانات المستخدم,User details,التسجيل والتحقق من الشركة | Registration & Company Verification,client,/register,User form,POST /api/auth/register-company,Users,flutter-auth-flow,Implemented,Automated,Validation implemented
19,21,بيانات الشركة,Company details,التسجيل والتحقق من الشركة | Registration & Company Verification,client,/register,Company form,POST /api/auth/register-company,Companies;Tenants,flutter-auth-flow,Implemented,Automated,Validation implemented
20,22,بيانات الشركة التفصيلية,Extended company details,التسجيل والتحقق من الشركة | Registration & Company Verification,client,/register,Company form variant,POST /api/auth/register-company,Companies;Branches,flutter-auth-flow,Implemented,Automated,Responsive form
21,23,إنشاء كلمة المرور,Create password,التسجيل والتحقق من الشركة | Registration & Company Verification,client,/register,Password state,POST /api/auth/register-company,Users,flutter-auth-flow,Implemented,Automated,Minimum length validation
22,24,إدخال بيانات الشركة,Company data,التسجيل والتحقق من الشركة | Registration & Company Verification,client,/register,Company data step,POST /api/auth/register-company,Companies,flutter-auth-flow,Implemented,Automated,Shared registration state
23,25,رفع مستندات الشركة,Company documents,التسجيل والتحقق من الشركة | Registration & Company Verification,client,/documents,Documents list,POST /api/company/documents,CompanyDocuments,flutter-auth-flow,Implemented,Automated,File type and size validation on API
24,26,إضافة عنوان الشركة,Company address,التسجيل والتحقق من الشركة | Registration & Company Verification,client,/register,Address state,POST /api/auth/register-company,Companies;Branches,flutter-auth-flow,Implemented,Automated,Governorate and city fields
25,27,تجهيز مستند السجل,Commercial record guide,التسجيل والتحقق من الشركة | Registration & Company Verification,client,/documents,Upload guide,POST /api/company/documents,CompanyDocuments,flutter-auth-flow,Implemented,Automated,Shared upload card
26,28,الموافقة على الشروط,Terms approval,التسجيل والتحقق من الشركة | Registration & Company Verification,client,/register,Registration confirmation,POST /api/auth/register-company,AuditLogs,flutter-auth-flow,Implemented,Automated,Submission confirmation
27,29,تجهيز مستندات الشركة,Prepare documents,التسجيل والتحقق من الشركة | Registration & Company Verification,client,/documents,Document requirements,POST /api/company/documents,CompanyDocuments,flutter-auth-flow,Implemented,Automated,Formats and limit shown
28,30,جاري مراجعة الحساب,Account under review,التسجيل والتحقق من الشركة | Registration & Company Verification,client,/verification,Under review,GET /api/company/verification-status,Tenants;CompanyDocuments,flutter-auth-flow,Implemented,Automated,Dynamic tenant status
29,31,نجاح إنشاء الحساب,Account created,التسجيل والتحقق من الشركة | Registration & Company Verification,client,/verification,Success transition,GET /api/company/verification-status,Tenants,flutter-auth-flow,Implemented,Automated,Approved redirects home
30,32,رفض المستندات,Documents rejected,التسجيل والتحقق من الشركة | Registration & Company Verification,client,/verification,Rejected documents,GET /api/company/verification-status,CompanyDocuments,flutter-auth-flow,Implemented,Automated,Re-upload route available
31,33,إعادة رفع المستندات,Re-upload documents,التسجيل والتحقق من الشركة | Registration & Company Verification,client,/documents,Replace document,POST /api/company/documents,CompanyDocuments,flutter-auth-flow,Implemented,Automated,Replacement implemented
32,34,اكتمال التحقق,Verification complete,التسجيل والتحقق من الشركة | Registration & Company Verification,client,/verification,Approved,GET /api/company/verification-status,Tenants,flutter-auth-flow,Implemented,Automated,Redirects to home
33,35,إدخال رمز التحقق,Verification code,التسجيل والتحقق من الشركة | Registration & Company Verification,client,/otp,OTP variant,POST /api/auth/otp/verify,OtpCodes,flutter-auth-flow,Implemented,Automated,Shared OTP component
34,36,الحساب الموقوف,Suspended account,التسجيل والتحقق من الشركة | Registration & Company Verification,client,/verification,Blocked status,GET /api/company/verification-status,Users;Tenants,flutter-auth-flow,Partial,Pending,Dedicated blocked copy pending
35,37,إنهاء الجلسة,Session ended,التسجيل والتحقق من الشركة | Registration & Company Verification,client,/login,Session state,POST /api/auth/refresh,RefreshTokens,flutter-auth-flow,Implemented,Automated,Refresh rotation and single retry implemented
36,38,الدخول الاجتماعي,Social login,التسجيل والتحقق من الشركة | Registration & Company Verification,client,/login,Google and Microsoft,External adapters,ExternalIdentities,,Partial,Pending,UI ready; credentials and adapters pending
37,39,تأكيد الحساب الاجتماعي,Social account confirmation,التسجيل والتحقق من الشركة | Registration & Company Verification,client,/login,Social confirmation,External adapters,ExternalIdentities,,Partial,Pending,Credentials and adapters pending
38,40,الرئيسية المخصصة,Personalized home,"الرئيسية والأقسام والمنتجات | Home, Categories & Products",client,/home,Default home,GET /api/catalog/categories;products,Categories;Products,flutter-catalog,Implemented,Automated,Responsive API-backed home
39,41,الرئيسية مع العروض,Home with offers,"الرئيسية والأقسام والمنتجات | Home, Categories & Products",client,/home,Hero and featured,GET /api/catalog/products,Products,flutter-catalog,Implemented,Automated,Offer banner and featured feed
40,42,أقسام الرئيسية,Home categories,"الرئيسية والأقسام والمنتجات | Home, Categories & Products",client,/home,Category carousel,GET /api/catalog/categories,Categories,flutter-catalog,Implemented,Automated,12 main categories
41,43,العروض والخصومات,Offers and discounts,"الرئيسية والأقسام والمنتجات | Home, Categories & Products",client,/home,Offer state,GET /api/catalog/products,Products,flutter-catalog,Implemented,Automated,API filters available
42,44,المفضلة,Favorites,"الرئيسية والأقسام والمنتجات | Home, Categories & Products",client,/favorites,Favorites list,GET /api/catalog/favorites,Favorites;Products,flutter-catalog,Implemented,Automated,Tenant-scoped favorites
43,45,اختيار حساب الشركة,Company selector,"الرئيسية والأقسام والمنتجات | Home, Categories & Products",client,/home,Company selector,Company profile API,Companies;Branches,,Partial,Pending,UI present; dynamic company endpoint pending
44,46,اختيار الفرع,Branch selector,"الرئيسية والأقسام والمنتجات | Home, Categories & Products",client,/home,Branch selector,Company branches API,CompanyBranches,,Partial,Pending,UI present; endpoint pending
45,47,تفاصيل الفرع,Branch details,"الرئيسية والأقسام والمنتجات | Home, Categories & Products",client,/home,Branch details,Company branches API,CompanyBranches,,Partial,Pending,Planned with company module
46,48,تبديل الشركة,Switch company,"الرئيسية والأقسام والمنتجات | Home, Categories & Products",client,/home,Company switcher,Company profile API,Companies,,Partial,Pending,Single tenant session currently
47,49,إدارة العنوان,Address management,"الرئيسية والأقسام والمنتجات | Home, Categories & Products",client,/home,Address state,Address API,CompanyBranches,,Partial,Pending,Planned with checkout
48,50,الملف الشخصي المختصر,Compact profile,"الرئيسية والأقسام والمنتجات | Home, Categories & Products",client,/account,Profile state,GET /api/auth/me,Users,,Partial,Pending,Route and shell ready
49,51,فلاتر المنتجات,Product filters,"الرئيسية والأقسام والمنتجات | Home, Categories & Products",client,/products,Filter sheet,GET /api/catalog/products,Products;Brands,flutter-catalog,Implemented,Automated,Price and stock filters
50,52,ترتيب المنتجات,Product sorting,"الرئيسية والأقسام والمنتجات | Home, Categories & Products",client,/products,Sort sheet,GET /api/catalog/products,Products,flutter-catalog,Implemented,Automated,Six sort modes
51,53,البحث عن منتج,Product search,"الرئيسية والأقسام والمنتجات | Home, Categories & Products",client,/products,Search input,GET /api/catalog/products,Products,flutter-catalog,Implemented,Automated,Debounced search
52,54,اقتراحات البحث,Search suggestions,"الرئيسية والأقسام والمنتجات | Home, Categories & Products",client,/search,Suggestions,GET /api/catalog/search/suggestions,Products,flutter-catalog,Implemented,Automated,Debounced suggestion list with direct navigation
53,55,نتائج البحث,Search results,"الرئيسية والأقسام والمنتجات | Home, Categories & Products",client,/products,Results grid/list,GET /api/catalog/products,Products,flutter-catalog,Implemented,Automated,Pagination and count
54,56,لا توجد نتائج,No results,"الرئيسية والأقسام والمنتجات | Home, Categories & Products",client,/products,Empty state,GET /api/catalog/products,Products,flutter-catalog,Implemented,Automated,Dedicated empty state
55,57,سجل البحث,Search history,"الرئيسية والأقسام والمنتجات | Home, Categories & Products",client,/search,Recent searches,GET/DELETE /api/catalog/search/recent,RecentSearch,flutter-catalog,Implemented,Automated,Tenant-scoped history with clear action
56,58,المنتجات المميزة,Featured products,"الرئيسية والأقسام والمنتجات | Home, Categories & Products",client,/products,Featured feed,GET /api/catalog/products?featured=true,Products,flutter-catalog,Implemented,Automated,Featured filter
57,59,الأقسام الرئيسية,Main categories,"الرئيسية والأقسام والمنتجات | Home, Categories & Products",client,/categories,Category list,GET /api/catalog/categories,Categories,flutter-catalog,Implemented,Automated,Expandable hierarchy
58,60,الأقسام الفرعية,Subcategories,"الرئيسية والأقسام والمنتجات | Home, Categories & Products",client,/categories,Subcategory list,GET /api/catalog/categories,Categories,flutter-catalog,Implemented,Automated,40 subcategories
59,61,منتجات العروض,Offer products,"الرئيسية والأقسام والمنتجات | Home, Categories & Products",client,/products,Discounted list,GET /api/catalog/products,Products,flutter-catalog,Implemented,Automated,Compare-at prices rendered
60,62,أسعار الجملة,Wholesale pricing,"الرئيسية والأقسام والمنتجات | Home, Categories & Products",client,/products/:idOrSlug,Quantity pricing,GET /api/catalog/products/{id},QuantityPriceTiers,api-catalog,Implemented,Automated,Three tiers per seeded product
61,63,منتج غير متوفر,Out of stock,"الرئيسية والأقسام والمنتجات | Home, Categories & Products",client,/products,Out-of-stock state,GET /api/catalog/products,Products,flutter-catalog,Implemented,Automated,Filter and disabled purchase state
62,64,منتجات شوهدت مؤخرًا,Recently viewed,"الرئيسية والأقسام والمنتجات | Home, Categories & Products",client,/products,Recently viewed,GET /api/catalog/recently-viewed,RecentlyViewed;Products,api-catalog,Partial,Automated,Backend complete; dedicated rail pending
63,65,قائمة المنتجات,Product listing,"الرئيسية والأقسام والمنتجات | Home, Categories & Products",client,/products,Grid view,GET /api/catalog/products,Products,flutter-catalog,Implemented,Automated,Responsive grid
64,66,مقارنة المنتجات,Product comparison,"الرئيسية والأقسام والمنتجات | Home, Categories & Products",client,/compare,Comparison table,GET/DELETE /api/catalog/compare; POST toggle,CompareItems;Products;ProductAttributeValues,flutter-catalog,Implemented,Automated,Max-four comparison with attributes and clear action
65,67,تفاصيل المنتج,Product details,"الرئيسية والأقسام والمنتجات | Home, Categories & Products",client,/products/:idOrSlug,Default detail,GET /api/catalog/products/{id},Products;ProductImages,flutter-catalog,Implemented,Automated,API-backed detail
66,68,السعر الخاص بالشركة,Company contract price,"الرئيسية والأقسام والمنتجات | Home, Categories & Products",client,/products/:idOrSlug,Contract price,GET /api/catalog/products/{id},CompanyProductPrices,api-catalog,Implemented,Automated,Tenant effective pricing
67,69,منتجات مشابهة,Related products,"الرئيسية والأقسام والمنتجات | Home, Categories & Products",client,/products/:idOrSlug,Related rail,GET /api/catalog/products/{id},Products,flutter-catalog,Implemented,Automated,Same-category related feed
68,70,بدائل المنتج,Product variants,"الرئيسية والأقسام والمنتجات | Home, Categories & Products",client,/products/:idOrSlug,Variant selector,GET /api/catalog/products/{id},ProductVariants,flutter-catalog,Implemented,Automated,Variant price and stock
69,71,شرائح أسعار الكمية,Quantity tiers,"الرئيسية والأقسام والمنتجات | Home, Categories & Products",client,/products/:idOrSlug,Tier selector,GET /api/catalog/products/{id},QuantityPriceTiers,flutter-catalog,Implemented,Automated,Dynamic total by quantity
70,72,مواصفات المنتج,Product specifications,"الرئيسية والأقسام والمنتجات | Home, Categories & Products",client,/products/:idOrSlug,Attributes,GET /api/catalog/products/{id},ProductAttributeValues,flutter-catalog,Implemented,Automated,Expandable specifications
71,73,الضمان والتوصيل,Warranty and delivery,"الرئيسية والأقسام والمنتجات | Home, Categories & Products",client,/products/:idOrSlug,Warranty state,GET /api/catalog/products/{id},Products,flutter-catalog,Implemented,Automated,Delivery estimate rendered
72,74,اختيارات المنتج,Product options,"الرئيسية والأقسام والمنتجات | Home, Categories & Products",client,/products/:idOrSlug,Option state,GET /api/catalog/products/{id},ProductVariants,flutter-catalog,Implemented,Automated,Choice chips
73,75,تأكيد اختيار المنتج,Product selection confirmation,"الرئيسية والأقسام والمنتجات | Home, Categories & Products",client,/products/:idOrSlug,Selected quantity,GET /api/catalog/products/{id},Products,flutter-catalog,Implemented,Automated,Quantity and total states
74,76,مستندات المنتج,Product documents,"الرئيسية والأقسام والمنتجات | Home, Categories & Products",client,/products/:idOrSlug,Documents,GET /api/catalog/products/{id}; GET /api/catalog/media/documents/{id},ProductDocuments,flutter-catalog,Implemented,Automated,PDF list download and device save flow
75,77,إضافة المنتج للسلة,Add product to cart,"الرئيسية والأقسام والمنتجات | Home, Categories & Products",client,/products/:idOrSlug,Add action,POST /api/cart/items,CartItems,flutter-cart,Implemented,Automated,Variant quantity stock and tenant validation
76,78,المنتجات المطبوعة,Printed products,المنتجات المطبوعة والمخصصة | Printed & Custom Products,client,/custom-products,Catalog,GET /api/custom-products/templates,CustomProductTemplates;Products,custom-products-e2e,Implemented,Automated,30 seeded templates with responsive cards
77,79,اختيار نوع المنتج المطبوع,Choose printed product type,المنتجات المطبوعة والمخصصة | Printed & Custom Products,client,/custom-products,Product selection,GET /api/custom-products/templates,CustomProductTemplates,custom-products-e2e,Implemented,Automated,Template selection and product deep link
78,80,تفاصيل منتج قابل للطباعة,Printable product details,المنتجات المطبوعة والمخصصة | Printed & Custom Products,client,/custom-products/:templateId,Product details,GET /api/custom-products/templates/{id},CustomProductTemplates;Products,custom-products-e2e,Implemented,Automated,Product setup fee minimum and lead time
79,81,اختيار الكمية,Quantity selection,المنتجات المطبوعة والمخصصة | Printed & Custom Products,client,/custom-products/:templateId,Quantity,GET /api/custom-products/templates/{id},CustomRequestItems,custom-products-e2e,Implemented,Automated,Minimum quantity and method validation
80,82,عرض أسعار الكميات,Quantity price preview,المنتجات المطبوعة والمخصصة | Printed & Custom Products,client,/custom-products/:templateId,Estimate,POST /api/custom-products/requests,CustomProductRequests;CustomRequestItems,custom-products-e2e,Implemented,Automated,Server-calculated estimate including setup and options
81,83,تحديد مكان الطباعة,Print placement selection,المنتجات المطبوعة والمخصصة | Printed & Custom Products,client,/custom-products/:templateId,Placement,GET /api/custom-products/templates/{id},CustomizationOptions,custom-products-e2e,Implemented,Automated,Tenant request stores selected placement
82,84,اختيار لون المنتج,Product color selection,المنتجات المطبوعة والمخصصة | Printed & Custom Products,client,/custom-products/:templateId,Product color,GET /api/custom-products/templates/{id},Colors,custom-products-e2e,Implemented,Automated,Color swatches and price adjustments
83,85,اختيار ألوان الطباعة,Print color selection,المنتجات المطبوعة والمخصصة | Printed & Custom Products,client,/custom-products/:templateId,Print colors,POST /api/custom-products/requests,CustomRequestItems,custom-products-e2e,Implemented,Automated,One to eight print colors affect server pricing
84,86,رفع شعار الشركة,Upload company logo,المنتجات المطبوعة والمخصصة | Printed & Custom Products,client,/custom-products/:templateId,Logo upload,POST /api/custom-products/requests,LogoAssets,custom-products-e2e,Implemented,Automated,Secure multipart upload with MIME and size validation
85,87,اختيار شعار محفوظ مسبقًا,Select saved logo,المنتجات المطبوعة والمخصصة | Printed & Custom Products,client,/custom-products/:templateId,Saved logos,GET /api/custom-products/logos,LogoAssets,custom-products-e2e,Implemented,Automated,Tenant-isolated reusable logo library
86,88,رفع ملف شعار احترافي,Professional logo file upload,المنتجات المطبوعة والمخصصة | Printed & Custom Products,client,/custom-products/:templateId,File formats,POST /api/custom-products/requests,LogoAssets,custom-products-e2e,Implemented,Automated,PNG JPG WebP SVG PDF and AI accepted
87,89,إدخال النص المطلوب طباعته,Enter printable text,المنتجات المطبوعة والمخصصة | Printed & Custom Products,client,/custom-products/:templateId,Custom text,POST /api/custom-products/requests,CustomRequestItems,custom-products-e2e,Implemented,Automated,Length-limited text persisted in request snapshot
88,90,تحديد أبعاد الطباعة,Print dimensions,المنتجات المطبوعة والمخصصة | Printed & Custom Products,client,/custom-products/:templateId,Print dimensions,POST /api/custom-products/requests,CustomRequestItems,custom-products-e2e,Implemented,Automated,Width and height validated server-side
89,91,إضافة تعليمات للمصمم,Designer instructions,المنتجات المطبوعة والمخصصة | Printed & Custom Products,client,/custom-products/:templateId,Design brief,PUT /api/custom-products/requests/{id}/design-brief,DesignBriefs,custom-products-e2e,Implemented,Automated,Objective audience colors text and notes
90,92,معاينة أولية للتصميم,Initial mockup preview,المنتجات المطبوعة والمخصصة | Printed & Custom Products,client,/custom-requests/:id,Preview,GET /api/custom-products/mockups/{id},DesignVersions;DesignMockups,custom-products-e2e,Implemented,Automated,Authenticated byte preview with zoom
91,93,طلب تصميم من فريق مهندسيتو,Request design service,المنتجات المطبوعة والمخصصة | Printed & Custom Products,client,/custom-products/:templateId,Design service,POST /api/custom-products/requests,DesignBriefs;CustomProductRequests,custom-products-e2e,Implemented,Automated,Design source is mandatory and explicit
92,94,انتظار إعداد التصميم,Design preparation wait,المنتجات المطبوعة والمخصصة | Printed & Custom Products,client,/custom-requests/:id,DesignInProgress,GET /api/custom-products/requests/{id},CustomProductRequests,custom-products-e2e,Implemented,Automated,Status and progress persisted by workflow
93,95,استلام التصميم للمراجعة,Receive design for review,المنتجات المطبوعة والمخصصة | Printed & Custom Products,client,/custom-requests/:id,AwaitingDesignApproval,GET /api/custom-products/requests/{id},DesignVersions;DesignMockups,custom-products-e2e,Implemented,Automated,Latest version is presented for decision
94,96,تكبير ومراجعة التصميم,Zoom design review,المنتجات المطبوعة والمخصصة | Printed & Custom Products,client,/custom-requests/:id,Interactive preview,GET /api/custom-products/mockups/{id},DesignMockups,custom-products-e2e,Implemented,Automated,Interactive authenticated preview
95,97,طلب تعديل على التصميم,Request design change,المنتجات المطبوعة والمخصصة | Printed & Custom Products,client,/custom-requests/:id,RevisionRequested,POST /api/custom-products/requests/{id}/design-decision,DesignApprovals,custom-products-e2e,Implemented,Automated,Only latest version accepts a decision
96,98,كتابة ملاحظات التعديل,Revision comments,المنتجات المطبوعة والمخصصة | Printed & Custom Products,client,/custom-requests/:id,Comments,POST /api/custom-products/requests/{id}/comments,DesignComments,custom-products-e2e,Implemented,Automated,Tenant-scoped customer conversation
97,99,استلام نسخة معدلة,Receive revised version,المنتجات المطبوعة والمخصصة | Printed & Custom Products,client,/custom-requests/:id,Version history,GET /api/custom-products/requests/{id},DesignVersions,custom-products-e2e,Implemented,Automated,Ordered immutable design version history
98,100,الموافقة النهائية على التصميم,Final design approval,المنتجات المطبوعة والمخصصة | Printed & Custom Products,client,/custom-requests/:id,Approved,POST /api/custom-products/requests/{id}/design-decision,DesignApprovals,custom-products-e2e,Implemented,Automated,Approval gates cart eligibility
99,101,رفض التصميم,Reject design,المنتجات المطبوعة والمخصصة | Printed & Custom Products,client,/custom-requests/:id,Rejected,POST /api/custom-products/requests/{id}/design-decision,DesignApprovals,custom-products-e2e,Implemented,Automated,Reason is required by client interaction
100,102,توثيق الموافقة باسم المسؤول,Approval audit,المنتجات المطبوعة والمخصصة | Printed & Custom Products,client,/custom-requests/:id,Approval record,POST /api/custom-products/requests/{id}/design-decision,DesignApprovals;Users,custom-products-e2e,Implemented,Automated,User timestamp version and note are persisted
101,103,إضافة المنتج المطبوع للسلة,Add customized product to cart,المنتجات المطبوعة والمخصصة | Printed & Custom Products,client,/custom-requests/:id,Add to cart,POST /api/custom-products/requests/{id}/add-to-cart,CartItems;CustomProductRequests,custom-products-e2e,Implemented,Automated,Quoted price and fixed quantity flow into checkout
102,104,متابعة حالة الطباعة,Print status tracking,المنتجات المطبوعة والمخصصة | Printed & Custom Products,client,/custom-requests/:id,Production timeline,GET /api/custom-products/requests/{id},ProductionJobs;ProductionStages,custom-products-e2e,Implemented,Automated,Production begins only after submitted checkout
103,105,حالة تجهيز العينة,Sample preparation status,المنتجات المطبوعة والمخصصة | Printed & Custom Products,client,/custom-requests/:id,Sample preview,GET /api/custom-products/samples/{id},ProductionSamples,custom-products-e2e,Implemented,Automated,Versioned secured pre-production samples
104,106,الموافقة على العينة,Sample approval,المنتجات المطبوعة والمخصصة | Printed & Custom Products,client,/custom-requests/:id,Sample decision,POST /api/custom-products/requests/{id}/samples/{sampleId}/decision,ProductionSamples,custom-products-e2e,Implemented,Automated,Approve revise or reject latest sample
105,107,بدء الإنتاج,Production start,المنتجات المطبوعة والمخصصة | Printed & Custom Products,client,/custom-requests/:id,InProduction,GET /api/custom-products/requests/{id},ProductionJobs;ProductionStages,custom-products-e2e,Implemented,Automated,Checkout and sample approval gate production
106,108,اكتمال الطباعة والتغليف,Print and packaging completion,المنتجات المطبوعة والمخصصة | Printed & Custom Products,client,/custom-requests/:id,Ready,GET /api/custom-products/requests/{id},ProductionStages;QualityChecks,custom-products-e2e,Implemented,Automated,Six-stage timeline ends in ready state
107,109,سلة المشتريات,Shopping cart,السلة وإتمام الطلب | Cart & Checkout,client,/cart,Active cart,GET /api/cart,Carts;CartItems,flutter-cart,Implemented,Automated,Items quantity savings tax shipping and total summary
108,110,سلة منتجات عادية ومطبوعة,Mixed regular and printed cart,السلة وإتمام الطلب | Cart & Checkout,client,/cart,Mixed items,GET /api/cart,Carts;CartItems;ProductVariants,flutter-cart,Partial,Automated,Regular and variant items work; printed customization enters next M4 batch
109,111,تعديل الكميات,Edit quantities,السلة وإتمام الطلب | Cart & Checkout,client,/cart,Quantity controls,PUT /api/cart/items/{id},CartItems,flutter-cart,Implemented,Automated,Min max stock and live tier repricing
110,112,,,السلة وإتمام الطلب | Cart & Checkout,client,,,,,,Pending,Pending,
111,113,,,السلة وإتمام الطلب | Cart & Checkout,client,,,,,,Pending,Pending,
112,114,,,السلة وإتمام الطلب | Cart & Checkout,client,,,,,,Pending,Pending,
113,115,,,السلة وإتمام الطلب | Cart & Checkout,client,,,,,,Pending,Pending,
114,116,,,السلة وإتمام الطلب | Cart & Checkout,client,,,,,,Pending,Pending,
115,117,,,السلة وإتمام الطلب | Cart & Checkout,client,,,,,,Pending,Pending,
116,118,,,السلة وإتمام الطلب | Cart & Checkout,client,,,,,,Pending,Pending,
117,119,,,السلة وإتمام الطلب | Cart & Checkout,client,,,,,,Pending,Pending,
118,120,,,السلة وإتمام الطلب | Cart & Checkout,client,,,,,,Pending,Pending,
119,121,,,السلة وإتمام الطلب | Cart & Checkout,client,,,,,,Pending,Pending,
120,122,,,السلة وإتمام الطلب | Cart & Checkout,client,,,,,,Pending,Pending,
121,123,اختيار مركز التكلفة,Cost center selection,السلة وإتمام الطلب | Cart & Checkout,client,/checkout,Enterprise context,PUT /api/checkout/context,CostCenters;CheckoutSessions;Orders,api-checkout;flutter-checkout,Implemented,Automated,Budget availability and immutable order snapshot
122,124,الإدارة الطالبة,Requesting department,السلة وإتمام الطلب | Cart & Checkout,client,/checkout,Enterprise context,PUT /api/checkout/context,CheckoutSessions;Orders,api-checkout;flutter-checkout,Implemented,Automated,Required department persists to checkout and order
123,125,اختيار المشروع,Project selection,السلة وإتمام الطلب | Cart & Checkout,client,/checkout,Enterprise context,PUT /api/checkout/context,CompanyProjects;CheckoutSessions;Orders,api-checkout;flutter-checkout,Implemented,Automated,Optional tenant-scoped project snapshot
124,126,موافقة الميزانية,Budget approval,السلة وإتمام الطلب | Cart & Checkout,client,/checkout,Approval warning,GET /api/checkout/review; POST /api/checkout/submit,CostCenters;Orders;OrderStatusHistory,api-checkout;flutter-checkout,Implemented,Automated,Threshold and exceeded-budget orders reserve funds and enter PendingApproval
125,127,السلة الفارغة,Empty cart,السلة وإتمام الطلب | Cart & Checkout,client,/cart,Empty state,GET /api/cart,Carts;CartItems,flutter-cart,Implemented,Automated,Browse categories CTA plus saved-items handling
126,128,اختيار عنوان التوصيل,Delivery address,السلة وإتمام الطلب | Cart & Checkout,client,/checkout,Delivery step,GET /api/checkout/options,CompanyBranches;CheckoutSessions,flutter-checkout,Implemented,Automated,Tenant-scoped company branches and main address selection
127,129,إضافة عنوان جديد,Add new address,السلة وإتمام الطلب | Cart & Checkout,client,/checkout,New branch address,POST /api/checkout/addresses,CompanyBranches,api-checkout;flutter-checkout,Implemented,Automated,Validated tenant branch creation inside checkout
128,130,تحديد الموقع على الخريطة,Pin on map,السلة وإتمام الطلب | Cart & Checkout,client,/checkout,Map pin,POST /api/checkout/addresses,CompanyBranches,flutter-checkout,Implemented,Automated,Credential-free coordinate picker persists latitude and longitude; production tiles can be added later
129,131,اختيار مسؤول الاستلام,Receiver selection,السلة وإتمام الطلب | Cart & Checkout,client,/checkout,Receiver fields,PUT /api/checkout/delivery,CheckoutSessions,flutter-checkout,Partial,Automated,Validated receiver name and phone entry; company contact directory pending
130,132,إدخال رقم أمر الشراء,PO number,السلة وإتمام الطلب | Cart & Checkout,client,/checkout,PO metadata,PUT /api/checkout/payment,CheckoutSessions;Orders,flutter-checkout,Implemented,Automated,Optional PO and internal cost reference persist to order snapshot
131,133,رفع أمر شراء,Upload purchase order,السلة وإتمام الطلب | Cart & Checkout,client,/checkout,PO attachment,POST /api/checkout/attachments/purchase-order,CheckoutAttachments;Orders,api-checkout;flutter-checkout,Implemented,Automated,Secure PDF PNG JPG upload with size limit tenant isolation and order linkage
132,134,اختيار تاريخ التوصيل,Delivery date,السلة وإتمام الطلب | Cart & Checkout,client,/checkout,Date picker,PUT /api/checkout/delivery,CheckoutSessions,flutter-checkout,Implemented,Automated,Tomorrow-to-90-day picker plus server validation
133,135,اختيار الفترة الزمنية,Time slot,السلة وإتمام الطلب | Cart & Checkout,client,/checkout,Time slot,PUT /api/checkout/delivery,CheckoutSessions,flutter-checkout,Implemented,Automated,Three delivery windows persisted to snapshot
134,136,اختيار طريقة الشحن,Shipping method,السلة وإتمام الطلب | Cart & Checkout,client,/checkout,Shipping choice,PUT /api/checkout/delivery,CheckoutSessions,flutter-checkout,Implemented,Automated,Standard express and pickup with server-side cost calculation
135,137,اختيار طريقة الدفع,Payment method,السلة وإتمام الطلب | Cart & Checkout,client,/checkout,Payment choice,GET options; PUT /api/checkout/payment,CheckoutSessions;Companies,flutter-checkout,Implemented,Automated,Availability is calculated from total credit and cash limits
136,138,دفع نقدي عند التوصيل,Cash on delivery,السلة وإتمام الطلب | Cart & Checkout,client,/checkout,Cash payment option,GET /api/checkout/options,Companies;CheckoutSessions,api-checkout,Partial,Automated,20k eligibility enforced; dedicated details panel pending
137,139,تحويل بنكي,Bank transfer,السلة وإتمام الطلب | Cart & Checkout,client,/checkout,Bank transfer option,PUT /api/checkout/payment,CheckoutSessions,api-checkout,Partial,Automated,Order method works; bank instructions and receipt upload pending
138,140,دفع إلكتروني,Online card payment,السلة وإتمام الطلب | Cart & Checkout,client,/checkout,Card payment,POST /api/checkout/payment-attempts,PaymentAttempts;CheckoutSessions,api-checkout;flutter-checkout,Implemented,Automated,Idempotent tokenized development gateway and production provider guard
139,141,استخدام الحد الائتماني,Pay via credit line,السلة وإتمام الطلب | Cart & Checkout,client,/checkout,Credit option,GET /api/checkout/options,Companies;CheckoutSessions,api-checkout,Implemented,Automated,Available credit checked server-side before selection
140,142,فاتورة شهرية مجمعة,Consolidated monthly invoice,السلة وإتمام الطلب | Cart & Checkout,client,/checkout,Monthly invoice option,GET /api/checkout/options,Companies;CheckoutSessions,api-checkout,Partial,Automated,Credit eligibility implemented; monthly billing ledger follows finance module
141,143,الدفع الجزئي,Partial payment,السلة وإتمام الطلب | Cart & Checkout,client,/checkout,Split payment,POST /api/checkout/payment-attempts; PUT /api/checkout/payment,PaymentAttempts;CheckoutSessions;Companies,api-checkout;flutter-checkout,Implemented,Automated,Exact split validation between available credit and succeeded card amount
142,144,شاشة مراجعة الطلب,Order review,السلة وإتمام الطلب | Cart & Checkout,client,/checkout,Review step,GET /api/checkout/review,CheckoutSessions;CartItems,flutter-checkout,Implemented,Automated,Items delivery payment totals tax shipping and approval warning
143,145,الموافقة على الشروط,Order terms consent,السلة وإتمام الطلب | Cart & Checkout,client,/checkout,Terms consent,POST /api/checkout/submit,Orders,flutter-checkout,Implemented,Automated,Client gate plus mandatory server validation
144,146,تأكيد الطلب,Order confirmation dialog,السلة وإتمام الطلب | Cart & Checkout,client,/checkout,Confirmation dialog,POST /api/checkout/submit,Orders,flutter-checkout,Implemented,Automated,Final item total and approval summary before submission
145,147,نجاح إنشاء الطلب,Order placed successfully,السلة وإتمام الطلب | Cart & Checkout,client,/checkout/success,Success state,POST /api/checkout/submit,Orders;OrderItems;OrderStatusHistory,flutter-checkout,Implemented,Automated,Order number total required date and next actions
146,148,فشل الدفع,Payment failed,السلة وإتمام الطلب | Cart & Checkout,client,/checkout,Inline gateway failure,POST /api/checkout/payment-attempts/{id}/confirm,PaymentAttempts,api-checkout;flutter-checkout,Implemented,Automated,Decline reason is persisted and surfaced without losing checkout state
147,149,إعادة محاولة الدفع,Retry payment,السلة وإتمام الطلب | Cart & Checkout,client,/checkout,Inline payment retry,POST /api/checkout/payment-attempts/{id}/confirm,PaymentAttempts,api-checkout;flutter-checkout,Implemented,Automated,Failed attempt can be retried safely and succeeded attempt is idempotent
148,150,طلب في انتظار الموافقة الداخلية,Awaiting internal approval,السلة وإتمام الطلب | Cart & Checkout,client,/checkout/success,Pending approval state,POST /api/checkout/submit,Orders;OrderStatusHistory;CostCenters,api-checkout;flutter-checkout,Implemented,Automated,Pending state history and reserved budget are created atomically; approval action flow is milestone 5
149,151,طلب أرسل إلى المدير للموافقة,Sent to manager,السلة وإتمام الطلب | Cart & Checkout,client,/checkout/success,Manager submission state,POST /api/checkout/submit,Orders;OrderStatusHistory,flutter-checkout,Implemented,Automated,Approval-required order receives PendingApproval status and confirmation UI
150,152,,,الموافقات الداخلية | Internal Approvals,client,,,,,,Pending,Pending,
151,153,,,الموافقات الداخلية | Internal Approvals,client,,,,,,Pending,Pending,
152,154,,,الموافقات الداخلية | Internal Approvals,client,,,,,,Pending,Pending,
153,155,,,الموافقات الداخلية | Internal Approvals,client,,,,,,Pending,Pending,
154,156,,,الموافقات الداخلية | Internal Approvals,client,,,,,,Pending,Pending,
155,157,,,الموافقات الداخلية | Internal Approvals,client,,,,,,Pending,Pending,
156,158,,,الموافقات الداخلية | Internal Approvals,client,,,,,,Pending,Pending,
157,159,,,الموافقات الداخلية | Internal Approvals,client,,,,,,Pending,Pending,
158,160,,,الموافقات الداخلية | Internal Approvals,client,,,,,,Pending,Pending,
159,161,,,الموافقات الداخلية | Internal Approvals,client,,,,,,Pending,Pending,
160,162,,,الموافقات الداخلية | Internal Approvals,client,,,,,,Pending,Pending,
161,163,,,الموافقات الداخلية | Internal Approvals,client,,,,,,Pending,Pending,
162,164,,,الموافقات الداخلية | Internal Approvals,client,,,,,,Pending,Pending,
163,165,,,الموافقات الداخلية | Internal Approvals,client,,,,,,Pending,Pending,
164,166,,,الموافقات الداخلية | Internal Approvals,client,,,,,,Pending,Pending,
165,167,,,الموافقات الداخلية | Internal Approvals,client,,,,,,Pending,Pending,
166,168,,,طلبات عروض الأسعار | RFQ,client,,,,,,Pending,Pending,
167,169,,,طلبات عروض الأسعار | RFQ,client,,,,,,Pending,Pending,
168,170,,,طلبات عروض الأسعار | RFQ,client,,,,,,Pending,Pending,
169,171,,,طلبات عروض الأسعار | RFQ,client,,,,,,Pending,Pending,
170,172,,,طلبات عروض الأسعار | RFQ,client,,,,,,Pending,Pending,
171,173,,,طلبات عروض الأسعار | RFQ,client,,,,,,Pending,Pending,
172,174,,,طلبات عروض الأسعار | RFQ,client,,,,,,Pending,Pending,
173,175,,,طلبات عروض الأسعار | RFQ,client,,,,,,Pending,Pending,
174,176,,,طلبات عروض الأسعار | RFQ,client,,,,,,Pending,Pending,
175,177,,,طلبات عروض الأسعار | RFQ,client,,,,,,Pending,Pending,
176,178,,,طلبات عروض الأسعار | RFQ,client,,,,,,Pending,Pending,
177,179,,,طلبات عروض الأسعار | RFQ,client,,,,,,Pending,Pending,
178,180,,,طلبات عروض الأسعار | RFQ,client,,,,,,Pending,Pending,
179,181,,,طلبات عروض الأسعار | RFQ,client,,,,,,Pending,Pending,
180,182,,,طلبات عروض الأسعار | RFQ,client,,,,,,Pending,Pending,
181,183,,,طلبات عروض الأسعار | RFQ,client,,,,,,Pending,Pending,
182,184,,,طلبات عروض الأسعار | RFQ,client,,,,,,Pending,Pending,
183,185,,,طلبات عروض الأسعار | RFQ,client,,,,,,Pending,Pending,
184,186,,,طلبات عروض الأسعار | RFQ,client,,,,,,Pending,Pending,
185,187,,,طلبات عروض الأسعار | RFQ,client,,,,,,Pending,Pending,
186,188,,,طلبات عروض الأسعار | RFQ,client,,,,,,Pending,Pending,
187,189,,,طلبات عروض الأسعار | RFQ,client,,,,,,Pending,Pending,
188,190,,,طلبات عروض الأسعار | RFQ,client,,,,,,Pending,Pending,
189,191,,,طلبات عروض الأسعار | RFQ,client,,,,,,Pending,Pending,
190,192,,,طلبات عروض الأسعار | RFQ,client,,,,,,Pending,Pending,
191,193,,,طلبات عروض الأسعار | RFQ,client,,,,,,Pending,Pending,
192,194,,,طلبات عروض الأسعار | RFQ,client,,,,,,Pending,Pending,
193,195,,,طلبات عروض الأسعار | RFQ,client,,,,,,Pending,Pending,
194,196,,,طلبات عروض الأسعار | RFQ,client,,,,,,Pending,Pending,
195,197,,,طلبات عروض الأسعار | RFQ,client,,,,,,Pending,Pending,
196,198,,,طلبات عروض الأسعار | RFQ,client,,,,,,Pending,Pending,
197,199,,,طلبات عروض الأسعار | RFQ,client,,,,,,Pending,Pending,
198,200,,,طلبات عروض الأسعار | RFQ,client,,,,,,Pending,Pending,
199,201,,,طلبات عروض الأسعار | RFQ,client,,,,,,Pending,Pending,
200,202,,,طلبات عروض الأسعار | RFQ,client,,,,,,Pending,Pending,
201,203,,,طلبات عروض الأسعار | RFQ,client,,,,,,Pending,Pending,
202,204,,,الطلبات والتتبع | Orders & Tracking,client,,,,,,Pending,Pending,
203,205,,,الطلبات والتتبع | Orders & Tracking,client,,,,,,Pending,Pending,
204,206,,,الطلبات والتتبع | Orders & Tracking,client,,,,,,Pending,Pending,
205,207,,,الطلبات والتتبع | Orders & Tracking,client,,,,,,Pending,Pending,
206,208,,,الطلبات والتتبع | Orders & Tracking,client,,,,,,Pending,Pending,
207,209,,,الطلبات والتتبع | Orders & Tracking,client,,,,,,Pending,Pending,
208,210,,,الطلبات والتتبع | Orders & Tracking,client,,,,,,Pending,Pending,
209,211,,,الطلبات والتتبع | Orders & Tracking,client,,,,,,Pending,Pending,
210,212,,,الطلبات والتتبع | Orders & Tracking,client,,,,,,Pending,Pending,
211,213,,,الطلبات والتتبع | Orders & Tracking,client,,,,,,Pending,Pending,
212,214,,,الطلبات والتتبع | Orders & Tracking,client,,,,,,Pending,Pending,
213,215,,,الطلبات والتتبع | Orders & Tracking,client,,,,,,Pending,Pending,
214,216,,,الطلبات والتتبع | Orders & Tracking,client,,,,,,Pending,Pending,
215,217,,,الطلبات والتتبع | Orders & Tracking,client,,,,,,Pending,Pending,
216,218,,,الطلبات والتتبع | Orders & Tracking,client,,,,,,Pending,Pending,
217,219,,,الطلبات والتتبع | Orders & Tracking,client,,,,,,Pending,Pending,
218,220,,,الطلبات والتتبع | Orders & Tracking,client,,,,,,Pending,Pending,
219,221,,,الطلبات والتتبع | Orders & Tracking,client,,,,,,Pending,Pending,
220,222,,,الطلبات والتتبع | Orders & Tracking,client,,,,,,Pending,Pending,
221,223,,,الطلبات والتتبع | Orders & Tracking,client,,,,,,Pending,Pending,
222,224,,,الطلبات والتتبع | Orders & Tracking,client,,,,,,Pending,Pending,
223,225,,,الطلبات والتتبع | Orders & Tracking,client,,,,,,Pending,Pending,
224,226,,,الطلبات والتتبع | Orders & Tracking,client,,,,,,Pending,Pending,
225,227,,,الطلبات والتتبع | Orders & Tracking,client,,,,,,Pending,Pending,
226,228,,,الطلبات والتتبع | Orders & Tracking,client,,,,,,Pending,Pending,
227,229,,,الطلبات والتتبع | Orders & Tracking,client,,,,,,Pending,Pending,
228,230,,,الطلبات والتتبع | Orders & Tracking,client,,,,,,Pending,Pending,
229,231,,,الطلبات والتتبع | Orders & Tracking,client,,,,,,Pending,Pending,
230,232,,,الطلبات والتتبع | Orders & Tracking,client,,,,,,Pending,Pending,
231,233,,,الطلبات والتتبع | Orders & Tracking,client,,,,,,Pending,Pending,
232,234,,,الطلبات والتتبع | Orders & Tracking,client,,,,,,Pending,Pending,
233,235,,,الطلبات والتتبع | Orders & Tracking,client,,,,,,Pending,Pending,
234,236,,,المرتجعات والاستبدال | Returns & Replacement,client,,,,,,Pending,Pending,
235,237,,,المرتجعات والاستبدال | Returns & Replacement,client,,,,,,Pending,Pending,
236,238,,,المرتجعات والاستبدال | Returns & Replacement,client,,,,,,Pending,Pending,
237,239,,,المرتجعات والاستبدال | Returns & Replacement,client,,,,,,Pending,Pending,
238,240,,,المرتجعات والاستبدال | Returns & Replacement,client,,,,,,Pending,Pending,
239,241,,,المرتجعات والاستبدال | Returns & Replacement,client,,,,,,Pending,Pending,
240,242,,,المرتجعات والاستبدال | Returns & Replacement,client,,,,,,Pending,Pending,
241,243,,,المرتجعات والاستبدال | Returns & Replacement,client,,,,,,Pending,Pending,
242,244,,,المرتجعات والاستبدال | Returns & Replacement,client,,,,,,Pending,Pending,
243,245,,,المرتجعات والاستبدال | Returns & Replacement,client,,,,,,Pending,Pending,
244,246,,,المرتجعات والاستبدال | Returns & Replacement,client,,,,,,Pending,Pending,
245,247,,,المرتجعات والاستبدال | Returns & Replacement,client,,,,,,Pending,Pending,
246,248,,,المرتجعات والاستبدال | Returns & Replacement,client,,,,,,Pending,Pending,
247,249,,,المرتجعات والاستبدال | Returns & Replacement,client,,,,,,Pending,Pending,
248,250,,,المرتجعات والاستبدال | Returns & Replacement,client,,,,,,Pending,Pending,
249,251,,,المرتجعات والاستبدال | Returns & Replacement,client,,,,,,Pending,Pending,
250,252,,,المرتجعات والاستبدال | Returns & Replacement,client,,,,,,Pending,Pending,
251,253,,,المرتجعات والاستبدال | Returns & Replacement,client,,,,,,Pending,Pending,
252,254,,,المرتجعات والاستبدال | Returns & Replacement,client,,,,,,Pending,Pending,
253,255,,,المرتجعات والاستبدال | Returns & Replacement,client,,,,,,Pending,Pending,
254,256,,,الفواتير والمدفوعات | Invoices & Payments,client,,,,,,Pending,Pending,
255,257,,,الفواتير والمدفوعات | Invoices & Payments,client,,,,,,Pending,Pending,
256,258,,,الفواتير والمدفوعات | Invoices & Payments,client,,,,,,Pending,Pending,
257,259,,,الفواتير والمدفوعات | Invoices & Payments,client,,,,,,Pending,Pending,
258,260,,,الفواتير والمدفوعات | Invoices & Payments,client,,,,,,Pending,Pending,
259,261,,,الفواتير والمدفوعات | Invoices & Payments,client,,,,,,Pending,Pending,
260,262,,,الفواتير والمدفوعات | Invoices & Payments,client,,,,,,Pending,Pending,
261,263,,,الفواتير والمدفوعات | Invoices & Payments,client,,,,,,Pending,Pending,
262,264,,,الفواتير والمدفوعات | Invoices & Payments,client,,,,,,Pending,Pending,
263,265,,,الفواتير والمدفوعات | Invoices & Payments,client,,,,,,Pending,Pending,
264,266,,,الفواتير والمدفوعات | Invoices & Payments,client,,,,,,Pending,Pending,
265,267,,,الفواتير والمدفوعات | Invoices & Payments,client,,,,,,Pending,Pending,
266,268,,,الفواتير والمدفوعات | Invoices & Payments,client,,,,,,Pending,Pending,
267,269,,,الفواتير والمدفوعات | Invoices & Payments,client,,,,,,Pending,Pending,
268,270,,,الفواتير والمدفوعات | Invoices & Payments,client,,,,,,Pending,Pending,
269,271,,,الفواتير والمدفوعات | Invoices & Payments,client,,,,,,Pending,Pending,
270,272,,,الفواتير والمدفوعات | Invoices & Payments,client,,,,,,Pending,Pending,
271,273,,,الفواتير والمدفوعات | Invoices & Payments,client,,,,,,Pending,Pending,
272,274,,,الفواتير والمدفوعات | Invoices & Payments,client,,,,,,Pending,Pending,
273,275,,,الفواتير والمدفوعات | Invoices & Payments,client,,,,,,Pending,Pending,
274,276,,,الفواتير والمدفوعات | Invoices & Payments,client,,,,,,Pending,Pending,
275,277,,,الفواتير والمدفوعات | Invoices & Payments,client,,,,,,Pending,Pending,
276,278,,,الفواتير والمدفوعات | Invoices & Payments,client,,,,,,Pending,Pending,
277,279,,,الفواتير والمدفوعات | Invoices & Payments,client,,,,,,Pending,Pending,
278,280,,,الميزانية ومراكز التكلفة | Budgets & Cost Centers,client,,,,,,Pending,Pending,
279,281,,,الميزانية ومراكز التكلفة | Budgets & Cost Centers,client,,,,,,Pending,Pending,
280,282,,,الميزانية ومراكز التكلفة | Budgets & Cost Centers,client,,,,,,Pending,Pending,
281,283,,,الميزانية ومراكز التكلفة | Budgets & Cost Centers,client,,,,,,Pending,Pending,
282,284,,,الميزانية ومراكز التكلفة | Budgets & Cost Centers,client,,,,,,Pending,Pending,
283,285,,,الميزانية ومراكز التكلفة | Budgets & Cost Centers,client,,,,,,Pending,Pending,
284,286,,,الميزانية ومراكز التكلفة | Budgets & Cost Centers,client,,,,,,Pending,Pending,
285,287,,,الميزانية ومراكز التكلفة | Budgets & Cost Centers,client,,,,,,Pending,Pending,
286,288,,,الميزانية ومراكز التكلفة | Budgets & Cost Centers,client,,,,,,Pending,Pending,
287,289,,,الميزانية ومراكز التكلفة | Budgets & Cost Centers,client,,,,,,Pending,Pending,
288,290,,,الميزانية ومراكز التكلفة | Budgets & Cost Centers,client,,,,,,Pending,Pending,
289,291,,,الميزانية ومراكز التكلفة | Budgets & Cost Centers,client,,,,,,Pending,Pending,
290,292,,,الميزانية ومراكز التكلفة | Budgets & Cost Centers,client,,,,,,Pending,Pending,
291,293,,,الميزانية ومراكز التكلفة | Budgets & Cost Centers,client,,,,,,Pending,Pending,
292,294,,,حساب الشركة والمستخدمون | Company Account & Users,client,,,,,,Pending,Pending,
293,295,,,حساب الشركة والمستخدمون | Company Account & Users,client,,,,,,Pending,Pending,
294,296,,,حساب الشركة والمستخدمون | Company Account & Users,client,,,,,,Pending,Pending,
295,297,,,حساب الشركة والمستخدمون | Company Account & Users,client,,,,,,Pending,Pending,
296,298,,,حساب الشركة والمستخدمون | Company Account & Users,client,,,,,,Pending,Pending,
297,299,,,حساب الشركة والمستخدمون | Company Account & Users,client,,,,,,Pending,Pending,
298,300,,,حساب الشركة والمستخدمون | Company Account & Users,client,,,,,,Pending,Pending,
299,301,,,حساب الشركة والمستخدمون | Company Account & Users,client,,,,,,Pending,Pending,
300,302,,,حساب الشركة والمستخدمون | Company Account & Users,client,,,,,,Pending,Pending,
301,303,,,حساب الشركة والمستخدمون | Company Account & Users,client,,,,,,Pending,Pending,
302,304,,,حساب الشركة والمستخدمون | Company Account & Users,client,,,,,,Pending,Pending,
303,305,,,حساب الشركة والمستخدمون | Company Account & Users,client,,,,,,Pending,Pending,
304,306,,,حساب الشركة والمستخدمون | Company Account & Users,client,,,,,,Pending,Pending,
305,307,,,حساب الشركة والمستخدمون | Company Account & Users,client,,,,,,Pending,Pending,
306,308,,,حساب الشركة والمستخدمون | Company Account & Users,client,,,,,,Pending,Pending,
307,309,,,حساب الشركة والمستخدمون | Company Account & Users,client,,,,,,Pending,Pending,
308,310,,,حساب الشركة والمستخدمون | Company Account & Users,client,,,,,,Pending,Pending,
309,311,,,حساب الشركة والمستخدمون | Company Account & Users,client,,,,,,Pending,Pending,
310,312,,,حساب الشركة والمستخدمون | Company Account & Users,client,,,,,,Pending,Pending,
311,313,,,حساب الشركة والمستخدمون | Company Account & Users,client,,,,,,Pending,Pending,
312,314,,,حساب الشركة والمستخدمون | Company Account & Users,client,,,,,,Pending,Pending,
313,315,,,حساب الشركة والمستخدمون | Company Account & Users,client,,,,,,Pending,Pending,
314,316,,,حساب الشركة والمستخدمون | Company Account & Users,client,,,,,,Pending,Pending,
315,317,,,حساب الشركة والمستخدمون | Company Account & Users,client,,,,,,Pending,Pending,
316,318,,,حساب الشركة والمستخدمون | Company Account & Users,client,,,,,,Pending,Pending,
317,319,,,حساب الشركة والمستخدمون | Company Account & Users,client,,,,,,Pending,Pending,
318,320,,,حساب الشركة والمستخدمون | Company Account & Users,client,,,,,,Pending,Pending,
319,321,,,"الإشعارات والدعم والإعدادات | Notifications, Support & Settings",client,,,,,,Pending,Pending,
320,322,,,"الإشعارات والدعم والإعدادات | Notifications, Support & Settings",client,,,,,,Pending,Pending,
321,323,,,"الإشعارات والدعم والإعدادات | Notifications, Support & Settings",client,,,,,,Pending,Pending,
322,324,,,"الإشعارات والدعم والإعدادات | Notifications, Support & Settings",client,,,,,,Pending,Pending,
323,325,,,"الإشعارات والدعم والإعدادات | Notifications, Support & Settings",client,,,,,,Pending,Pending,
324,326,,,"الإشعارات والدعم والإعدادات | Notifications, Support & Settings",client,,,,,,Pending,Pending,
325,327,,,"الإشعارات والدعم والإعدادات | Notifications, Support & Settings",client,,,,,,Pending,Pending,
326,328,,,"الإشعارات والدعم والإعدادات | Notifications, Support & Settings",client,,,,,,Pending,Pending,
327,329,,,"الإشعارات والدعم والإعدادات | Notifications, Support & Settings",client,,,,,,Pending,Pending,
328,330,,,"الإشعارات والدعم والإعدادات | Notifications, Support & Settings",client,,,,,,Pending,Pending,
329,331,,,"الإشعارات والدعم والإعدادات | Notifications, Support & Settings",client,,,,,,Pending,Pending,
330,332,,,"الإشعارات والدعم والإعدادات | Notifications, Support & Settings",client,,,,,,Pending,Pending,
331,333,,,"الإشعارات والدعم والإعدادات | Notifications, Support & Settings",client,,,,,,Pending,Pending,
332,334,,,"الإشعارات والدعم والإعدادات | Notifications, Support & Settings",client,,,,,,Pending,Pending,
333,335,,,"الإشعارات والدعم والإعدادات | Notifications, Support & Settings",client,,,,,,Pending,Pending,
334,336,,,"الإشعارات والدعم والإعدادات | Notifications, Support & Settings",client,,,,,,Pending,Pending,
335,337,,,"الإشعارات والدعم والإعدادات | Notifications, Support & Settings",client,,,,,,Pending,Pending,
336,338,,,"الإشعارات والدعم والإعدادات | Notifications, Support & Settings",client,,,,,,Pending,Pending,
337,339,,,"الإشعارات والدعم والإعدادات | Notifications, Support & Settings",client,,,,,,Pending,Pending,
338,340,,,"الإشعارات والدعم والإعدادات | Notifications, Support & Settings",client,,,,,,Pending,Pending,
339,341,,,"الإشعارات والدعم والإعدادات | Notifications, Support & Settings",client,,,,,,Pending,Pending,
340,342,,,"الإشعارات والدعم والإعدادات | Notifications, Support & Settings",client,,,,,,Pending,Pending,
341,343,,,"الإشعارات والدعم والإعدادات | Notifications, Support & Settings",client,,,,,,Pending,Pending,
342,344,,,"الإشعارات والدعم والإعدادات | Notifications, Support & Settings",client,,,,,,Pending,Pending,
343,345,,,"الإشعارات والدعم والإعدادات | Notifications, Support & Settings",client,,,,,,Pending,Pending,
344,346,,,"الإشعارات والدعم والإعدادات | Notifications, Support & Settings",client,,,,,,Pending,Pending,
345,347,,,"الإشعارات والدعم والإعدادات | Notifications, Support & Settings",client,,,,,,Pending,Pending,
346,348,,,"الإشعارات والدعم والإعدادات | Notifications, Support & Settings",client,,,,,,Pending,Pending,
347,349,,,"الإشعارات والدعم والإعدادات | Notifications, Support & Settings",client,,,,,,Pending,Pending,
348,350,,,"الإشعارات والدعم والإعدادات | Notifications, Support & Settings",client,,,,,,Pending,Pending,
349,351,,,"الإشعارات والدعم والإعدادات | Notifications, Support & Settings",client,,,,,,Pending,Pending,
350,352,,,"الإشعارات والدعم والإعدادات | Notifications, Support & Settings",client,,,,,,Pending,Pending,
351,353,,,"الإشعارات والدعم والإعدادات | Notifications, Support & Settings",client,,,,,,Pending,Pending,
352,354,,,"الإشعارات والدعم والإعدادات | Notifications, Support & Settings",client,,,,,,Pending,Pending,
353,355,,,"الإشعارات والدعم والإعدادات | Notifications, Support & Settings",client,,,,,,Pending,Pending,
354,356,,,"الإشعارات والدعم والإعدادات | Notifications, Support & Settings",client,,,,,,Pending,Pending,
355,357,,,"الإشعارات والدعم والإعدادات | Notifications, Support & Settings",client,,,,,,Pending,Pending,
356,358,,,"الإشعارات والدعم والإعدادات | Notifications, Support & Settings",client,,,,,,Pending,Pending,
357,359,,,"الإشعارات والدعم والإعدادات | Notifications, Support & Settings",client,,,,,,Pending,Pending,
358,360,,,"الإشعارات والدعم والإعدادات | Notifications, Support & Settings",client,,,,,,Pending,Pending,
359,361,,,"الإشعارات والدعم والإعدادات | Notifications, Support & Settings",client,,,,,,Pending,Pending,
360,362,,,"الإشعارات والدعم والإعدادات | Notifications, Support & Settings",client,,,,,,Pending,Pending,
361,363,,,"الإشعارات والدعم والإعدادات | Notifications, Support & Settings",client,,,,,,Pending,Pending,
362,364,,,"الإشعارات والدعم والإعدادات | Notifications, Support & Settings",client,,,,,,Pending,Pending,
363,365,,,"الإشعارات والدعم والإعدادات | Notifications, Support & Settings",client,,,,,,Pending,Pending,
364,366,,,"الإشعارات والدعم والإعدادات | Notifications, Support & Settings",client,,,,,,Pending,Pending,
365,367,,,"الإشعارات والدعم والإعدادات | Notifications, Support & Settings",client,,,,,,Pending,Pending,
366,368,,,"الإشعارات والدعم والإعدادات | Notifications, Support & Settings",client,,,,,,Pending,Pending,
367,369,دخول الإدارة,Admin login,الدخول ولوحات المعلومات | Login & Dashboards,admin,/login,Default login,POST /api/session/login,Users;Roles,admin-build,Implemented,Automated,HttpOnly BFF session
368,370,التحقق الثنائي,Two-factor verification,الدخول ولوحات المعلومات | Login & Dashboards,admin,/login,OTP state,POST /api/auth/otp/verify,OtpCodes,,Partial,Pending,Dedicated admin OTP UI pending
369,371,استعادة كلمة المرور,Password recovery,الدخول ولوحات المعلومات | Login & Dashboards,admin,/login,Forgot password,Auth adapter,Users,,Partial,Pending,Entry action present
370,372,اختيار دور الدخول,Role selection,الدخول ولوحات المعلومات | Login & Dashboards,admin,/login,Role gate,POST /api/session/login,Roles;Permissions,admin-build,Implemented,Automated,Platform role gate enforced
371,373,خطأ تسجيل الدخول,Login error,الدخول ولوحات المعلومات | Login & Dashboards,admin,/login,Error state,POST /api/session/login,Users,admin-build,Implemented,Automated,Accessible error banner
372,374,نجاح تسجيل الدخول,Login success,الدخول ولوحات المعلومات | Login & Dashboards,admin,/dashboard,Success transition,POST /api/session/login,RefreshTokens,admin-build,Implemented,Automated,Redirect and secure cookies
373,375,لوحة المعلومات الرئيسية,Main dashboard,الدخول ولوحات المعلومات | Login & Dashboards,admin,/dashboard,Overview,Dashboard APIs,Orders;Companies;Quotes,admin-build,Implemented,Automated,Responsive dashboard shell
374,376,مؤشرات المبيعات,Sales indicators,الدخول ولوحات المعلومات | Login & Dashboards,admin,/dashboard,KPI cards,Dashboard APIs,Orders;Payments,admin-build,Implemented,Automated,API wiring scheduled with orders module
375,377,رسم المبيعات,Sales chart,الدخول ولوحات المعلومات | Login & Dashboards,admin,/dashboard,Chart,Dashboard APIs,Orders;Payments,admin-build,Implemented,Automated,Responsive SVG chart
376,378,حالة الطلبات,Order status chart,الدخول ولوحات المعلومات | Login & Dashboards,admin,/dashboard,Donut chart,Dashboard APIs,Orders,admin-build,Implemented,Automated,Responsive CSS chart
377,379,أحدث الطلبات,Recent orders,الدخول ولوحات المعلومات | Login & Dashboards,admin,/dashboard,Orders table,Dashboard APIs,Orders,admin-build,Implemented,Automated,Responsive table
378,380,لوحة التحليلات,Analytics dashboard,الدخول ولوحات المعلومات | Login & Dashboards,admin,/dashboard,Analytics variant,Dashboard APIs,Orders;Companies;Products,,Partial,Pending,Additional filters pending
379,381,تخصيص لوحة المعلومات,Dashboard customization,الدخول ولوحات المعلومات | Login & Dashboards,admin,/dashboard,Customization state,Dashboard APIs,UserSettings,,Partial,Pending,Widget customization pending
380,382,,,إدارة الطلبات | Orders Management,admin,,,,,,Pending,Pending,
381,383,,,إدارة الطلبات | Orders Management,admin,,,,,,Pending,Pending,
382,384,,,إدارة الطلبات | Orders Management,admin,,,,,,Pending,Pending,
383,385,,,إدارة الطلبات | Orders Management,admin,,,,,,Pending,Pending,
384,386,,,إدارة الطلبات | Orders Management,admin,,,,,,Pending,Pending,
385,387,,,إدارة الطلبات | Orders Management,admin,,,,,,Pending,Pending,
386,388,,,إدارة الطلبات | Orders Management,admin,,,,,,Pending,Pending,
387,389,,,إدارة الطلبات | Orders Management,admin,,,,,,Pending,Pending,
388,390,,,إدارة الطلبات | Orders Management,admin,,,,,,Pending,Pending,
389,391,,,إدارة الطلبات | Orders Management,admin,,,,,,Pending,Pending,
390,392,,,إدارة الطلبات | Orders Management,admin,,,,,,Pending,Pending,
391,393,,,إدارة الطلبات | Orders Management,admin,,,,,,Pending,Pending,
392,394,,,إدارة الطلبات | Orders Management,admin,,,,,,Pending,Pending,
393,395,,,إدارة الطلبات | Orders Management,admin,,,,,,Pending,Pending,
394,396,,,إدارة الطلبات | Orders Management,admin,,,,,,Pending,Pending,
395,397,,,إدارة الطلبات | Orders Management,admin,,,,,,Pending,Pending,
396,398,,,إدارة الطلبات | Orders Management,admin,,,,,,Pending,Pending,
397,399,,,إدارة الطلبات | Orders Management,admin,,,,,,Pending,Pending,
398,400,,,إدارة الطلبات | Orders Management,admin,,,,,,Pending,Pending,
399,401,,,إدارة الطلبات | Orders Management,admin,,,,,,Pending,Pending,
400,402,,,إدارة الطلبات | Orders Management,admin,,,,,,Pending,Pending,
401,403,,,إدارة الطلبات | Orders Management,admin,,,,,,Pending,Pending,
402,404,,,إدارة عروض الأسعار | Quotes Management,admin,,,,,,Pending,Pending,
403,405,,,إدارة عروض الأسعار | Quotes Management,admin,,,,,,Pending,Pending,
404,406,,,إدارة عروض الأسعار | Quotes Management,admin,,,,,,Pending,Pending,
405,407,,,إدارة عروض الأسعار | Quotes Management,admin,,,,,,Pending,Pending,
406,408,,,إدارة عروض الأسعار | Quotes Management,admin,,,,,,Pending,Pending,
407,409,,,إدارة عروض الأسعار | Quotes Management,admin,,,,,,Pending,Pending,
408,410,,,إدارة عروض الأسعار | Quotes Management,admin,,,,,,Pending,Pending,
409,411,,,إدارة عروض الأسعار | Quotes Management,admin,,,,,,Pending,Pending,
410,412,,,إدارة عروض الأسعار | Quotes Management,admin,,,,,,Pending,Pending,
411,413,,,إدارة عروض الأسعار | Quotes Management,admin,,,,,,Pending,Pending,
412,414,,,إدارة عروض الأسعار | Quotes Management,admin,,,,,,Pending,Pending,
413,415,,,إدارة عروض الأسعار | Quotes Management,admin,,,,,,Pending,Pending,
414,416,,,إدارة عروض الأسعار | Quotes Management,admin,,,,,,Pending,Pending,
415,417,,,إدارة عروض الأسعار | Quotes Management,admin,,,,,,Pending,Pending,
416,418,,,إدارة عروض الأسعار | Quotes Management,admin,,,,,,Pending,Pending,
417,419,,,إدارة عروض الأسعار | Quotes Management,admin,,,,,,Pending,Pending,
418,420,,,إدارة عروض الأسعار | Quotes Management,admin,,,,,,Pending,Pending,
419,421,,,إدارة عروض الأسعار | Quotes Management,admin,,,,,,Pending,Pending,
420,422,,,إدارة عروض الأسعار | Quotes Management,admin,,,,,,Pending,Pending,
421,423,,,إدارة عروض الأسعار | Quotes Management,admin,,,,,,Pending,Pending,
422,424,,,إدارة عروض الأسعار | Quotes Management,admin,,,,,,Pending,Pending,
423,425,,,إدارة عروض الأسعار | Quotes Management,admin,,,,,,Pending,Pending,
424,426,قائمة المنتجات,Products list,"المنتجات والأقسام والمحتوى | Products, Categories & Content",admin,/dashboard/products,Products table,GET /api/admin/catalog/products,Products,admin-build,Implemented,Automated,Search pagination and stock states
425,427,إضافة منتج,Create product,"المنتجات والأقسام والمحتوى | Products, Categories & Content",admin,/dashboard/products,Create modal,POST /api/admin/catalog/products,Products,admin-build,Implemented,Automated,Validated BFF mutation
426,428,تعديل منتج,Edit product,"المنتجات والأقسام والمحتوى | Products, Categories & Content",admin,/dashboard/products,Edit modal,PUT /api/admin/catalog/products/{id},Products,admin-build,Implemented,Automated,Loads current values
427,429,بيانات المنتج,Product data,"المنتجات والأقسام والمحتوى | Products, Categories & Content",admin,/dashboard/products,Product fields,GET /api/admin/catalog/products/{id},Products,admin-build,Implemented,Automated,Arabic and English metadata
428,430,أرشفة المنتج,Archive product,"المنتجات والأقسام والمحتوى | Products, Categories & Content",admin,/dashboard/products,Archive confirmation,DELETE /api/admin/catalog/products/{id},Products,admin-build,Implemented,Automated,Status archive with confirmation
429,431,بحث المنتجات,Product search,"المنتجات والأقسام والمحتوى | Products, Categories & Content",admin,/dashboard/products,Search state,GET /api/admin/catalog/products,Products,admin-build,Implemented,Automated,Server pagination and search
430,432,قائمة الأقسام,Categories list,"المنتجات والأقسام والمحتوى | Products, Categories & Content",admin,/dashboard/categories,Hierarchical category cards,GET /api/admin/catalog/categories,Categories,admin-build,Implemented,Automated,Dedicated responsive hierarchy page
431,433,إضافة قسم,Create category,"المنتجات والأقسام والمحتوى | Products, Categories & Content",admin,/dashboard/categories,Create category modal,POST /api/admin/catalog/categories,Categories,admin-build,Implemented,Automated,Parent selection and validation
432,434,تعديل قسم,Edit category,"المنتجات والأقسام والمحتوى | Products, Categories & Content",admin,/dashboard/categories,Edit and archive category,PUT/DELETE /api/admin/catalog/categories/{id},Categories,admin-build,Implemented,Automated,Safe archive constraints for active children and products
433,435,العلامات التجارية,Brands,"المنتجات والأقسام والمحتوى | Products, Categories & Content",admin,/dashboard/categories,Brands tab,GET/POST/PUT/DELETE /api/admin/catalog/brands,Brands,admin-catalog,Implemented,Automated,Seeded cards plus create edit and archive flows
434,436,خصائص المنتجات,Product attributes,"المنتجات والأقسام والمحتوى | Products, Categories & Content",admin,/dashboard/products,Attributes editor,GET content; PUT /api/admin/catalog/products/{id}/attributes,ProductAttributeValues,admin-catalog,Implemented,Automated,Add edit remove and validated replacement
435,437,متغيرات المنتج,Product variants,"المنتجات والأقسام والمحتوى | Products, Categories & Content",admin,/dashboard/products,Variant editor,GET/PUT /api/admin/catalog/products/{id}/variants,ProductVariants,admin-catalog,Implemented,Automated,Validated SKU options price adjustments stock and active state
436,438,وحدات البيع,Units of measure,"المنتجات والأقسام والمحتوى | Products, Categories & Content",admin,/dashboard/products,Unit selector,GET /api/admin/catalog/lookups,UnitOfMeasure,admin-build,Implemented,Automated,Six units seeded
437,439,صور المنتج,Product images,"المنتجات والأقسام والمحتوى | Products, Categories & Content",admin,/dashboard/products,Image upload manager,POST/DELETE /api/admin/catalog/products/{id}/images,ProductImages,admin-catalog,Implemented,Automated,JPG PNG WebP limits primary flag secure disk storage and public serving
438,440,مستندات المنتج,Product documents,"المنتجات والأقسام والمحتوى | Products, Categories & Content",admin,/dashboard/products,PDF document manager,POST/DELETE /api/admin/catalog/products/{id}/documents,ProductDocuments,admin-catalog,Implemented,Automated,Validated PDF upload storage serving and removal
439,441,شرائح أسعار الكمية,Quantity price tiers,"المنتجات والأقسام والمحتوى | Products, Categories & Content",admin,/dashboard/products,Price tier editor,PUT /api/admin/catalog/products/{id}/price-tiers,QuantityPriceTiers,admin-catalog,Implemented,Automated,Add edit remove unique quantity validation and seeded values
440,442,أسعار الشركات,Company pricing,"المنتجات والأقسام والمحتوى | Products, Categories & Content",admin,/dashboard/products,Contract prices,Catalog pricing API,CompanyProductPrices,api-catalog,Partial,Automated,Effective pricing complete; admin assignment UI pending
441,443,الوصف والترجمة,Descriptions and translations,"المنتجات والأقسام والمحتوى | Products, Categories & Content",admin,/dashboard/products,Localized metadata,PUT /api/admin/catalog/products/{id},Products,admin-build,Implemented,Automated,Arabic and English fields
442,444,,,"المنتجات والأقسام والمحتوى | Products, Categories & Content",admin,,,,,,Pending,Pending,
443,445,,,"المنتجات والأقسام والمحتوى | Products, Categories & Content",admin,,,,,,Pending,Pending,
444,446,,,"المنتجات والأقسام والمحتوى | Products, Categories & Content",admin,,,,,,Pending,Pending,
445,447,,,"المنتجات والأقسام والمحتوى | Products, Categories & Content",admin,,,,,,Pending,Pending,
446,448,,,"المنتجات والأقسام والمحتوى | Products, Categories & Content",admin,,,,,,Pending,Pending,
447,449,,,"المنتجات والأقسام والمحتوى | Products, Categories & Content",admin,,,,,,Pending,Pending,
448,450,,,"المنتجات والأقسام والمحتوى | Products, Categories & Content",admin,,,,,,Pending,Pending,
449,451,,,"المنتجات والأقسام والمحتوى | Products, Categories & Content",admin,,,,,,Pending,Pending,
450,452,,,"المنتجات والأقسام والمحتوى | Products, Categories & Content",admin,,,,,,Pending,Pending,
451,453,,,"المنتجات والأقسام والمحتوى | Products, Categories & Content",admin,,,,,,Pending,Pending,
452,454,,,"المنتجات والأقسام والمحتوى | Products, Categories & Content",admin,,,,,,Pending,Pending,
453,455,,,"المنتجات والأقسام والمحتوى | Products, Categories & Content",admin,,,,,,Pending,Pending,
454,456,,,"المنتجات والأقسام والمحتوى | Products, Categories & Content",admin,,,,,,Pending,Pending,
455,457,,,"المنتجات والأقسام والمحتوى | Products, Categories & Content",admin,,,,,,Pending,Pending,
456,458,,,"المنتجات والأقسام والمحتوى | Products, Categories & Content",admin,,,,,,Pending,Pending,
457,459,,,"المنتجات والأقسام والمحتوى | Products, Categories & Content",admin,,,,,,Pending,Pending,
458,460,,,"المنتجات والأقسام والمحتوى | Products, Categories & Content",admin,,,,,,Pending,Pending,
459,461,,,"المنتجات والأقسام والمحتوى | Products, Categories & Content",admin,,,,,,Pending,Pending,
460,462,,,"المنتجات والأقسام والمحتوى | Products, Categories & Content",admin,,,,,,Pending,Pending,
461,463,,,"المنتجات والأقسام والمحتوى | Products, Categories & Content",admin,,,,,,Pending,Pending,
462,464,,,"المنتجات والأقسام والمحتوى | Products, Categories & Content",admin,,,,,,Pending,Pending,
463,465,,,"المنتجات والأقسام والمحتوى | Products, Categories & Content",admin,,,,,,Pending,Pending,
464,466,,,المخزون والمستودعات | Inventory & Warehouses,admin,,,,,,Pending,Pending,
465,467,,,المخزون والمستودعات | Inventory & Warehouses,admin,,,,,,Pending,Pending,
466,468,,,المخزون والمستودعات | Inventory & Warehouses,admin,,,,,,Pending,Pending,
467,469,,,المخزون والمستودعات | Inventory & Warehouses,admin,,,,,,Pending,Pending,
468,470,,,المخزون والمستودعات | Inventory & Warehouses,admin,,,,,,Pending,Pending,
469,471,,,المخزون والمستودعات | Inventory & Warehouses,admin,,,,,,Pending,Pending,
470,472,,,المخزون والمستودعات | Inventory & Warehouses,admin,,,,,,Pending,Pending,
471,473,,,المخزون والمستودعات | Inventory & Warehouses,admin,,,,,,Pending,Pending,
472,474,,,المخزون والمستودعات | Inventory & Warehouses,admin,,,,,,Pending,Pending,
473,475,,,المخزون والمستودعات | Inventory & Warehouses,admin,,,,,,Pending,Pending,
474,476,,,المخزون والمستودعات | Inventory & Warehouses,admin,,,,,,Pending,Pending,
475,477,,,المخزون والمستودعات | Inventory & Warehouses,admin,,,,,,Pending,Pending,
476,478,,,المخزون والمستودعات | Inventory & Warehouses,admin,,,,,,Pending,Pending,
477,479,,,المخزون والمستودعات | Inventory & Warehouses,admin,,,,,,Pending,Pending,
478,480,,,المخزون والمستودعات | Inventory & Warehouses,admin,,,,,,Pending,Pending,
479,481,,,المخزون والمستودعات | Inventory & Warehouses,admin,,,,,,Pending,Pending,
480,482,,,المخزون والمستودعات | Inventory & Warehouses,admin,,,,,,Pending,Pending,
481,483,,,المخزون والمستودعات | Inventory & Warehouses,admin,,,,,,Pending,Pending,
482,484,,,المخزون والمستودعات | Inventory & Warehouses,admin,,,,,,Pending,Pending,
483,485,,,المخزون والمستودعات | Inventory & Warehouses,admin,,,,,,Pending,Pending,
484,486,,,المخزون والمستودعات | Inventory & Warehouses,admin,,,,,,Pending,Pending,
485,487,,,المخزون والمستودعات | Inventory & Warehouses,admin,,,,,,Pending,Pending,
486,488,,,المخزون والمستودعات | Inventory & Warehouses,admin,,,,,,Pending,Pending,
487,489,,,المخزون والمستودعات | Inventory & Warehouses,admin,,,,,,Pending,Pending,
488,490,,,الموردون والمشتريات | Suppliers & Procurement,admin,,,,,,Pending,Pending,
489,491,,,الموردون والمشتريات | Suppliers & Procurement,admin,,,,,,Pending,Pending,
490,492,,,الموردون والمشتريات | Suppliers & Procurement,admin,,,,,,Pending,Pending,
491,493,,,الموردون والمشتريات | Suppliers & Procurement,admin,,,,,,Pending,Pending,
492,494,,,الموردون والمشتريات | Suppliers & Procurement,admin,,,,,,Pending,Pending,
493,495,,,الموردون والمشتريات | Suppliers & Procurement,admin,,,,,,Pending,Pending,
494,496,,,الموردون والمشتريات | Suppliers & Procurement,admin,,,,,,Pending,Pending,
495,497,,,الموردون والمشتريات | Suppliers & Procurement,admin,,,,,,Pending,Pending,
496,498,,,الموردون والمشتريات | Suppliers & Procurement,admin,,,,,,Pending,Pending,
497,499,,,الموردون والمشتريات | Suppliers & Procurement,admin,,,,,,Pending,Pending,
498,500,,,الموردون والمشتريات | Suppliers & Procurement,admin,,,,,,Pending,Pending,
499,501,,,الموردون والمشتريات | Suppliers & Procurement,admin,,,,,,Pending,Pending,
500,502,,,الموردون والمشتريات | Suppliers & Procurement,admin,,,,,,Pending,Pending,
501,503,,,الموردون والمشتريات | Suppliers & Procurement,admin,,,,,,Pending,Pending,
502,504,,,الموردون والمشتريات | Suppliers & Procurement,admin,,,,,,Pending,Pending,
503,505,,,الموردون والمشتريات | Suppliers & Procurement,admin,,,,,,Pending,Pending,
504,506,,,الموردون والمشتريات | Suppliers & Procurement,admin,,,,,,Pending,Pending,
505,507,,,الموردون والمشتريات | Suppliers & Procurement,admin,,,,,,Pending,Pending,
506,508,,,الموردون والمشتريات | Suppliers & Procurement,admin,,,,,,Pending,Pending,
507,509,,,إدارة الشركات CRM | Companies CRM,admin,,,,,,Pending,Pending,
508,510,,,إدارة الشركات CRM | Companies CRM,admin,,,,,,Pending,Pending,
509,511,,,إدارة الشركات CRM | Companies CRM,admin,,,,,,Pending,Pending,
510,512,,,إدارة الشركات CRM | Companies CRM,admin,,,,,,Pending,Pending,
511,513,,,إدارة الشركات CRM | Companies CRM,admin,,,,,,Pending,Pending,
512,514,,,إدارة الشركات CRM | Companies CRM,admin,,,,,,Pending,Pending,
513,515,,,إدارة الشركات CRM | Companies CRM,admin,,,,,,Pending,Pending,
514,516,,,إدارة الشركات CRM | Companies CRM,admin,,,,,,Pending,Pending,
515,517,,,إدارة الشركات CRM | Companies CRM,admin,,,,,,Pending,Pending,
516,518,,,إدارة الشركات CRM | Companies CRM,admin,,,,,,Pending,Pending,
517,519,,,إدارة الشركات CRM | Companies CRM,admin,,,,,,Pending,Pending,
518,520,,,إدارة الشركات CRM | Companies CRM,admin,,,,,,Pending,Pending,
519,521,,,إدارة الشركات CRM | Companies CRM,admin,,,,,,Pending,Pending,
520,522,,,إدارة الشركات CRM | Companies CRM,admin,,,,,,Pending,Pending,
521,523,,,إدارة الشركات CRM | Companies CRM,admin,,,,,,Pending,Pending,
522,524,,,إدارة الشركات CRM | Companies CRM,admin,,,,,,Pending,Pending,
523,525,,,إدارة الشركات CRM | Companies CRM,admin,,,,,,Pending,Pending,
524,526,,,إدارة الشركات CRM | Companies CRM,admin,,,,,,Pending,Pending,
525,527,,,إدارة الشركات CRM | Companies CRM,admin,,,,,,Pending,Pending,
526,528,,,إدارة الشركات CRM | Companies CRM,admin,,,,,,Pending,Pending,
527,529,,,إدارة الشركات CRM | Companies CRM,admin,,,,,,Pending,Pending,
528,530,,,إدارة الشركات CRM | Companies CRM,admin,,,,,,Pending,Pending,
529,531,,,إدارة الشركات CRM | Companies CRM,admin,,,,,,Pending,Pending,
530,532,,,إدارة الشركات CRM | Companies CRM,admin,,,,,,Pending,Pending,
531,533,,,إدارة الشركات CRM | Companies CRM,admin,,,,,,Pending,Pending,
532,534,,,إدارة الشركات CRM | Companies CRM,admin,,,,,,Pending,Pending,
533,535,,,إدارة الشركات CRM | Companies CRM,admin,,,,,,Pending,Pending,
534,536,,,إدارة الشركات CRM | Companies CRM,admin,,,,,,Pending,Pending,
535,537,,,إدارة الشركات CRM | Companies CRM,admin,,,,,,Pending,Pending,
536,538,,,إدارة الشركات CRM | Companies CRM,admin,,,,,,Pending,Pending,
537,539,,,إدارة الشركات CRM | Companies CRM,admin,,,,,,Pending,Pending,
538,540,,,العقود والأسعار الخاصة | Contracts & Special Pricing,admin,,,,,,Pending,Pending,
539,541,,,العقود والأسعار الخاصة | Contracts & Special Pricing,admin,,,,,,Pending,Pending,
540,542,,,العقود والأسعار الخاصة | Contracts & Special Pricing,admin,,,,,,Pending,Pending,
541,543,,,العقود والأسعار الخاصة | Contracts & Special Pricing,admin,,,,,,Pending,Pending,
542,544,,,العقود والأسعار الخاصة | Contracts & Special Pricing,admin,,,,,,Pending,Pending,
543,545,,,العقود والأسعار الخاصة | Contracts & Special Pricing,admin,,,,,,Pending,Pending,
544,546,,,العقود والأسعار الخاصة | Contracts & Special Pricing,admin,,,,,,Pending,Pending,
545,547,,,العقود والأسعار الخاصة | Contracts & Special Pricing,admin,,,,,,Pending,Pending,
546,548,,,العقود والأسعار الخاصة | Contracts & Special Pricing,admin,,,,,,Pending,Pending,
547,549,,,العقود والأسعار الخاصة | Contracts & Special Pricing,admin,,,,,,Pending,Pending,
548,550,,,العقود والأسعار الخاصة | Contracts & Special Pricing,admin,,,,,,Pending,Pending,
549,551,,,العقود والأسعار الخاصة | Contracts & Special Pricing,admin,,,,,,Pending,Pending,
550,552,,,العقود والأسعار الخاصة | Contracts & Special Pricing,admin,,,,,,Pending,Pending,
551,553,,,العقود والأسعار الخاصة | Contracts & Special Pricing,admin,,,,,,Pending,Pending,
552,554,,,العقود والأسعار الخاصة | Contracts & Special Pricing,admin,,,,,,Pending,Pending,
553,555,,,العقود والأسعار الخاصة | Contracts & Special Pricing,admin,,,,,,Pending,Pending,
554,556,,,العقود والأسعار الخاصة | Contracts & Special Pricing,admin,,,,,,Pending,Pending,
555,557,,,إدارة الطباعة والتصميم | Printing & Design Management,admin,,,,,,Pending,Pending,
556,558,,,إدارة الطباعة والتصميم | Printing & Design Management,admin,,,,,,Pending,Pending,
557,559,,,إدارة الطباعة والتصميم | Printing & Design Management,admin,,,,,,Pending,Pending,
558,560,,,إدارة الطباعة والتصميم | Printing & Design Management,admin,,,,,,Pending,Pending,
559,561,,,إدارة الطباعة والتصميم | Printing & Design Management,admin,,,,,,Pending,Pending,
560,562,,,إدارة الطباعة والتصميم | Printing & Design Management,admin,,,,,,Pending,Pending,
561,563,,,إدارة الطباعة والتصميم | Printing & Design Management,admin,,,,,,Pending,Pending,
562,564,,,إدارة الطباعة والتصميم | Printing & Design Management,admin,,,,,,Pending,Pending,
563,565,,,إدارة الطباعة والتصميم | Printing & Design Management,admin,,,,,,Pending,Pending,
564,566,,,إدارة الطباعة والتصميم | Printing & Design Management,admin,,,,,,Pending,Pending,
565,567,,,إدارة الطباعة والتصميم | Printing & Design Management,admin,,,,,,Pending,Pending,
566,568,,,إدارة الطباعة والتصميم | Printing & Design Management,admin,,,,,,Pending,Pending,
567,569,,,إدارة الطباعة والتصميم | Printing & Design Management,admin,,,,,,Pending,Pending,
568,570,,,إدارة الطباعة والتصميم | Printing & Design Management,admin,,,,,,Pending,Pending,
569,571,,,إدارة الطباعة والتصميم | Printing & Design Management,admin,,,,,,Pending,Pending,
570,572,,,إدارة الطباعة والتصميم | Printing & Design Management,admin,,,,,,Pending,Pending,
571,573,,,إدارة الطباعة والتصميم | Printing & Design Management,admin,,,,,,Pending,Pending,
572,574,,,إدارة الطباعة والتصميم | Printing & Design Management,admin,,,,,,Pending,Pending,
573,575,,,إدارة الطباعة والتصميم | Printing & Design Management,admin,,,,,,Pending,Pending,
574,576,,,إدارة الطباعة والتصميم | Printing & Design Management,admin,,,,,,Pending,Pending,
575,577,,,إدارة الطباعة والتصميم | Printing & Design Management,admin,,,,,,Pending,Pending,
576,578,,,إدارة الطباعة والتصميم | Printing & Design Management,admin,,,,,,Pending,Pending,
577,579,,,إدارة الطباعة والتصميم | Printing & Design Management,admin,,,,,,Pending,Pending,
578,580,,,إدارة الطباعة والتصميم | Printing & Design Management,admin,,,,,,Pending,Pending,
579,581,,,الشحن والتوصيل | Shipping & Delivery,admin,,,,,,Pending,Pending,
580,582,,,الشحن والتوصيل | Shipping & Delivery,admin,,,,,,Pending,Pending,
581,583,,,الشحن والتوصيل | Shipping & Delivery,admin,,,,,,Pending,Pending,
582,584,,,الشحن والتوصيل | Shipping & Delivery,admin,,,,,,Pending,Pending,
583,585,,,الشحن والتوصيل | Shipping & Delivery,admin,,,,,,Pending,Pending,
584,586,,,الشحن والتوصيل | Shipping & Delivery,admin,,,,,,Pending,Pending,
585,587,,,الشحن والتوصيل | Shipping & Delivery,admin,,,,,,Pending,Pending,
586,588,,,الشحن والتوصيل | Shipping & Delivery,admin,,,,,,Pending,Pending,
587,589,,,الشحن والتوصيل | Shipping & Delivery,admin,,,,,,Pending,Pending,
588,590,,,الشحن والتوصيل | Shipping & Delivery,admin,,,,,,Pending,Pending,
589,591,,,الشحن والتوصيل | Shipping & Delivery,admin,,,,,,Pending,Pending,
590,592,,,الشحن والتوصيل | Shipping & Delivery,admin,,,,,,Pending,Pending,
591,593,,,الشحن والتوصيل | Shipping & Delivery,admin,,,,,,Pending,Pending,
592,594,,,الشحن والتوصيل | Shipping & Delivery,admin,,,,,,Pending,Pending,
593,595,,,الشحن والتوصيل | Shipping & Delivery,admin,,,,,,Pending,Pending,
594,596,,,الشحن والتوصيل | Shipping & Delivery,admin,,,,,,Pending,Pending,
595,597,,,الشحن والتوصيل | Shipping & Delivery,admin,,,,,,Pending,Pending,
596,598,,,الشحن والتوصيل | Shipping & Delivery,admin,,,,,,Pending,Pending,
597,599,,,الشحن والتوصيل | Shipping & Delivery,admin,,,,,,Pending,Pending,
598,600,,,الحسابات وخدمة العملاء | Accounts & Customer Service,admin,,,,,,Pending,Pending,
599,601,,,الحسابات وخدمة العملاء | Accounts & Customer Service,admin,,,,,,Pending,Pending,
600,602,,,الحسابات وخدمة العملاء | Accounts & Customer Service,admin,,,,,,Pending,Pending,
601,603,,,الحسابات وخدمة العملاء | Accounts & Customer Service,admin,,,,,,Pending,Pending,
602,604,,,الحسابات وخدمة العملاء | Accounts & Customer Service,admin,,,,,,Pending,Pending,
603,605,,,الحسابات وخدمة العملاء | Accounts & Customer Service,admin,,,,,,Pending,Pending,
604,606,,,الحسابات وخدمة العملاء | Accounts & Customer Service,admin,,,,,,Pending,Pending,
605,607,,,الحسابات وخدمة العملاء | Accounts & Customer Service,admin,,,,,,Pending,Pending,
606,608,,,الحسابات وخدمة العملاء | Accounts & Customer Service,admin,,,,,,Pending,Pending,
607,609,,,الحسابات وخدمة العملاء | Accounts & Customer Service,admin,,,,,,Pending,Pending,
608,610,,,الحسابات وخدمة العملاء | Accounts & Customer Service,admin,,,,,,Pending,Pending,
609,611,,,الحسابات وخدمة العملاء | Accounts & Customer Service,admin,,,,,,Pending,Pending,
610,612,,,الحسابات وخدمة العملاء | Accounts & Customer Service,admin,,,,,,Pending,Pending,
611,613,,,الحسابات وخدمة العملاء | Accounts & Customer Service,admin,,,,,,Pending,Pending,
612,614,,,الحسابات وخدمة العملاء | Accounts & Customer Service,admin,,,,,,Pending,Pending,
613,615,,,الحسابات وخدمة العملاء | Accounts & Customer Service,admin,,,,,,Pending,Pending,
614,616,,,الحسابات وخدمة العملاء | Accounts & Customer Service,admin,,,,,,Pending,Pending,
615,617,,,الحسابات وخدمة العملاء | Accounts & Customer Service,admin,,,,,,Pending,Pending,
616,618,,,الحسابات وخدمة العملاء | Accounts & Customer Service,admin,,,,,,Pending,Pending,
617,619,,,الحسابات وخدمة العملاء | Accounts & Customer Service,admin,,,,,,Pending,Pending,
618,620,,,الحسابات وخدمة العملاء | Accounts & Customer Service,admin,,,,,,Pending,Pending,
619,621,,,الحسابات وخدمة العملاء | Accounts & Customer Service,admin,,,,,,Pending,Pending,
620,622,,,الحسابات وخدمة العملاء | Accounts & Customer Service,admin,,,,,,Pending,Pending,
621,623,,,الحسابات وخدمة العملاء | Accounts & Customer Service,admin,,,,,,Pending,Pending,
622,624,,,الحسابات وخدمة العملاء | Accounts & Customer Service,admin,,,,,,Pending,Pending,
623,625,,,الحسابات وخدمة العملاء | Accounts & Customer Service,admin,,,,,,Pending,Pending,
624,626,,,الحسابات وخدمة العملاء | Accounts & Customer Service,admin,,,,,,Pending,Pending,
625,627,,,الحسابات وخدمة العملاء | Accounts & Customer Service,admin,,,,,,Pending,Pending,
626,628,,,الحسابات وخدمة العملاء | Accounts & Customer Service,admin,,,,,,Pending,Pending,
627,629,,,الحسابات وخدمة العملاء | Accounts & Customer Service,admin,,,,,,Pending,Pending,
628,630,,,الحسابات وخدمة العملاء | Accounts & Customer Service,admin,,,,,,Pending,Pending,
629,631,,,الحسابات وخدمة العملاء | Accounts & Customer Service,admin,,,,,,Pending,Pending,
630,632,,,الحسابات وخدمة العملاء | Accounts & Customer Service,admin,,,,,,Pending,Pending,
631,633,,,الحسابات وخدمة العملاء | Accounts & Customer Service,admin,,,,,,Pending,Pending,
632,634,,,الحسابات وخدمة العملاء | Accounts & Customer Service,admin,,,,,,Pending,Pending,
633,635,,,الحسابات وخدمة العملاء | Accounts & Customer Service,admin,,,,,,Pending,Pending,
634,636,,,الحسابات وخدمة العملاء | Accounts & Customer Service,admin,,,,,,Pending,Pending,
635,637,,,الحسابات وخدمة العملاء | Accounts & Customer Service,admin,,,,,,Pending,Pending,
636,638,,,الحسابات وخدمة العملاء | Accounts & Customer Service,admin,,,,,,Pending,Pending,
637,639,,,الحسابات وخدمة العملاء | Accounts & Customer Service,admin,,,,,,Pending,Pending,
638,640,,,"الحملات والصلاحيات والتقارير | Campaigns, Permissions & Reports",admin,,,,,,Pending,Pending,
639,641,,,"الحملات والصلاحيات والتقارير | Campaigns, Permissions & Reports",admin,,,,,,Pending,Pending,
640,642,,,"الحملات والصلاحيات والتقارير | Campaigns, Permissions & Reports",admin,,,,,,Pending,Pending,
641,643,,,"الحملات والصلاحيات والتقارير | Campaigns, Permissions & Reports",admin,,,,,,Pending,Pending,
642,644,,,"الحملات والصلاحيات والتقارير | Campaigns, Permissions & Reports",admin,,,,,,Pending,Pending,
643,645,,,"الحملات والصلاحيات والتقارير | Campaigns, Permissions & Reports",admin,,,,,,Pending,Pending,
644,646,,,"الحملات والصلاحيات والتقارير | Campaigns, Permissions & Reports",admin,,,,,,Pending,Pending,
645,647,,,"الحملات والصلاحيات والتقارير | Campaigns, Permissions & Reports",admin,,,,,,Pending,Pending,
646,648,,,"الحملات والصلاحيات والتقارير | Campaigns, Permissions & Reports",admin,,,,,,Pending,Pending,
647,649,,,"الحملات والصلاحيات والتقارير | Campaigns, Permissions & Reports",admin,,,,,,Pending,Pending,
648,650,,,"الحملات والصلاحيات والتقارير | Campaigns, Permissions & Reports",admin,,,,,,Pending,Pending,
649,651,,,"الحملات والصلاحيات والتقارير | Campaigns, Permissions & Reports",admin,,,,,,Pending,Pending,
650,652,,,"الحملات والصلاحيات والتقارير | Campaigns, Permissions & Reports",admin,,,,,,Pending,Pending,
651,653,,,"الحملات والصلاحيات والتقارير | Campaigns, Permissions & Reports",admin,,,,,,Pending,Pending,
652,654,,,"الحملات والصلاحيات والتقارير | Campaigns, Permissions & Reports",admin,,,,,,Pending,Pending,
653,655,,,"الحملات والصلاحيات والتقارير | Campaigns, Permissions & Reports",admin,,,,,,Pending,Pending,
654,656,,,"الحملات والصلاحيات والتقارير | Campaigns, Permissions & Reports",admin,,,,,,Pending,Pending,
655,657,,,"الحملات والصلاحيات والتقارير | Campaigns, Permissions & Reports",admin,,,,,,Pending,Pending,
656,658,,,"الحملات والصلاحيات والتقارير | Campaigns, Permissions & Reports",admin,,,,,,Pending,Pending,
657,659,,,"الحملات والصلاحيات والتقارير | Campaigns, Permissions & Reports",admin,,,,,,Pending,Pending,
658,660,,,"الحملات والصلاحيات والتقارير | Campaigns, Permissions & Reports",admin,,,,,,Pending,Pending,
659,661,,,"الحملات والصلاحيات والتقارير | Campaigns, Permissions & Reports",admin,,,,,,Pending,Pending,
660,662,,,"الحملات والصلاحيات والتقارير | Campaigns, Permissions & Reports",admin,,,,,,Pending,Pending,
661,663,,,"الحملات والصلاحيات والتقارير | Campaigns, Permissions & Reports",admin,,,,,,Pending,Pending,
662,664,,,"الحملات والصلاحيات والتقارير | Campaigns, Permissions & Reports",admin,,,,,,Pending,Pending,
663,665,,,"الحملات والصلاحيات والتقارير | Campaigns, Permissions & Reports",admin,,,,,,Pending,Pending,
664,666,,,"الحملات والصلاحيات والتقارير | Campaigns, Permissions & Reports",admin,,,,,,Pending,Pending,
665,667,,,"الحملات والصلاحيات والتقارير | Campaigns, Permissions & Reports",admin,,,,,,Pending,Pending,
666,668,,,"الحملات والصلاحيات والتقارير | Campaigns, Permissions & Reports",admin,,,,,,Pending,Pending,
667,669,,,"الحملات والصلاحيات والتقارير | Campaigns, Permissions & Reports",admin,,,,,,Pending,Pending,
668,670,,,"الحملات والصلاحيات والتقارير | Campaigns, Permissions & Reports",admin,,,,,,Pending,Pending,
669,671,,,"الحملات والصلاحيات والتقارير | Campaigns, Permissions & Reports",admin,,,,,,Pending,Pending,
670,672,,,"الحملات والصلاحيات والتقارير | Campaigns, Permissions & Reports",admin,,,,,,Pending,Pending,
671,673,,,"الحملات والصلاحيات والتقارير | Campaigns, Permissions & Reports",admin,,,,,,Pending,Pending,
672,674,,,"الحملات والصلاحيات والتقارير | Campaigns, Permissions & Reports",admin,,,,,,Pending,Pending,
673,675,,,"الحملات والصلاحيات والتقارير | Campaigns, Permissions & Reports",admin,,,,,,Pending,Pending,
674,676,,,"الحملات والصلاحيات والتقارير | Campaigns, Permissions & Reports",admin,,,,,,Pending,Pending,
675,677,,,"الحملات والصلاحيات والتقارير | Campaigns, Permissions & Reports",admin,,,,,,Pending,Pending,
676,678,,,"الحملات والصلاحيات والتقارير | Campaigns, Permissions & Reports",admin,,,,,,Pending,Pending,
677,679,,,"الحملات والصلاحيات والتقارير | Campaigns, Permissions & Reports",admin,,,,,,Pending,Pending,
678,680,,,"الحملات والصلاحيات والتقارير | Campaigns, Permissions & Reports",admin,,,,,,Pending,Pending,
679,681,,,"الحملات والصلاحيات والتقارير | Campaigns, Permissions & Reports",admin,,,,,,Pending,Pending,
680,682,,,"الحملات والصلاحيات والتقارير | Campaigns, Permissions & Reports",admin,,,,,,Pending,Pending,
681,683,,,"الحملات والصلاحيات والتقارير | Campaigns, Permissions & Reports",admin,,,,,,Pending,Pending,
682,684,,,"الحملات والصلاحيات والتقارير | Campaigns, Permissions & Reports",admin,,,,,,Pending,Pending,
683,685,,,"الحملات والصلاحيات والتقارير | Campaigns, Permissions & Reports",admin,,,,,,Pending,Pending,
684,686,,,"الحملات والصلاحيات والتقارير | Campaigns, Permissions & Reports",admin,,,,,,Pending,Pending,
685,687,,,"الحملات والصلاحيات والتقارير | Campaigns, Permissions & Reports",admin,,,,,,Pending,Pending,
686,688,,,"الحملات والصلاحيات والتقارير | Campaigns, Permissions & Reports",admin,,,,,,Pending,Pending,
687,689,,,"الحملات والصلاحيات والتقارير | Campaigns, Permissions & Reports",admin,,,,,,Pending,Pending,
688,690,,,"الحملات والصلاحيات والتقارير | Campaigns, Permissions & Reports",admin,,,,,,Pending,Pending,
689,691,,,"الحملات والصلاحيات والتقارير | Campaigns, Permissions & Reports",admin,,,,,,Pending,Pending,
690,692,,,"الحملات والصلاحيات والتقارير | Campaigns, Permissions & Reports",admin,,,,,,Pending,Pending,
691,693,,,"الحملات والصلاحيات والتقارير | Campaigns, Permissions & Reports",admin,,,,,,Pending,Pending,
692,694,,,"الحملات والصلاحيات والتقارير | Campaigns, Permissions & Reports",admin,,,,,,Pending,Pending,
693,695,,,"الحملات والصلاحيات والتقارير | Campaigns, Permissions & Reports",admin,,,,,,Pending,Pending,
694,696,,,"الحملات والصلاحيات والتقارير | Campaigns, Permissions & Reports",admin,,,,,,Pending,Pending,
695,697,,,"الحملات والصلاحيات والتقارير | Campaigns, Permissions & Reports",admin,,,,,,Pending,Pending,
696,698,,,"الحملات والصلاحيات والتقارير | Campaigns, Permissions & Reports",admin,,,,,,Pending,Pending,
697,699,,,"الحملات والصلاحيات والتقارير | Campaigns, Permissions & Reports",admin,,,,,,Pending,Pending,
698,700,,,"الإعدادات والتكاملات والمراقبة | Settings, Integrations & Monitoring",admin,,,,,,Pending,Pending,
699,701,,,"الإعدادات والتكاملات والمراقبة | Settings, Integrations & Monitoring",admin,,,,,,Pending,Pending,
700,702,,,"الإعدادات والتكاملات والمراقبة | Settings, Integrations & Monitoring",admin,,,,,,Pending,Pending,
701,703,,,"الإعدادات والتكاملات والمراقبة | Settings, Integrations & Monitoring",admin,,,,,,Pending,Pending,
702,704,,,"الإعدادات والتكاملات والمراقبة | Settings, Integrations & Monitoring",admin,,,,,,Pending,Pending,
703,705,,,"الإعدادات والتكاملات والمراقبة | Settings, Integrations & Monitoring",admin,,,,,,Pending,Pending,
704,706,,,"الإعدادات والتكاملات والمراقبة | Settings, Integrations & Monitoring",admin,,,,,,Pending,Pending,
705,707,,,"الإعدادات والتكاملات والمراقبة | Settings, Integrations & Monitoring",admin,,,,,,Pending,Pending,
706,708,,,"الإعدادات والتكاملات والمراقبة | Settings, Integrations & Monitoring",admin,,,,,,Pending,Pending,
707,709,,,"الإعدادات والتكاملات والمراقبة | Settings, Integrations & Monitoring",admin,,,,,,Pending,Pending,
708,710,,,"الإعدادات والتكاملات والمراقبة | Settings, Integrations & Monitoring",admin,,,,,,Pending,Pending,
709,711,,,"الإعدادات والتكاملات والمراقبة | Settings, Integrations & Monitoring",admin,,,,,,Pending,Pending,
710,712,,,"الإعدادات والتكاملات والمراقبة | Settings, Integrations & Monitoring",admin,,,,,,Pending,Pending,
711,713,,,"الإعدادات والتكاملات والمراقبة | Settings, Integrations & Monitoring",admin,,,,,,Pending,Pending,
712,714,,,"الإعدادات والتكاملات والمراقبة | Settings, Integrations & Monitoring",admin,,,,,,Pending,Pending,
713,715,,,"الإعدادات والتكاملات والمراقبة | Settings, Integrations & Monitoring",admin,,,,,,Pending,Pending,
714,716,,,"الإعدادات والتكاملات والمراقبة | Settings, Integrations & Monitoring",admin,,,,,,Pending,Pending,
715,717,,,"الإعدادات والتكاملات والمراقبة | Settings, Integrations & Monitoring",admin,,,,,,Pending,Pending,
716,718,,,"الإعدادات والتكاملات والمراقبة | Settings, Integrations & Monitoring",admin,,,,,,Pending,Pending,
717,719,,,"الإعدادات والتكاملات والمراقبة | Settings, Integrations & Monitoring",admin,,,,,,Pending,Pending,
718,720,,,"الإعدادات والتكاملات والمراقبة | Settings, Integrations & Monitoring",admin,,,,,,Pending,Pending,
719,721,,,"الإعدادات والتكاملات والمراقبة | Settings, Integrations & Monitoring",admin,,,,,,Pending,Pending,
720,722,,,"الإعدادات والتكاملات والمراقبة | Settings, Integrations & Monitoring",admin,,,,,,Pending,Pending,
721,723,,,"الإعدادات والتكاملات والمراقبة | Settings, Integrations & Monitoring",admin,,,,,,Pending,Pending,
722,724,,,"الإعدادات والتكاملات والمراقبة | Settings, Integrations & Monitoring",admin,,,,,,Pending,Pending,
723,725,,,"الإعدادات والتكاملات والمراقبة | Settings, Integrations & Monitoring",admin,,,,,,Pending,Pending,
724,726,,,"الإعدادات والتكاملات والمراقبة | Settings, Integrations & Monitoring",admin,,,,,,Pending,Pending,
725,727,,,"الإعدادات والتكاملات والمراقبة | Settings, Integrations & Monitoring",admin,,,,,,Pending,Pending,
726,728,,,"الإعدادات والتكاملات والمراقبة | Settings, Integrations & Monitoring",admin,,,,,,Pending,Pending,
727,729,,,"الإعدادات والتكاملات والمراقبة | Settings, Integrations & Monitoring",admin,,,,,,Pending,Pending,
728,730,,,"الإعدادات والتكاملات والمراقبة | Settings, Integrations & Monitoring",admin,,,,,,Pending,Pending,
729,731,,,"الإعدادات والتكاملات والمراقبة | Settings, Integrations & Monitoring",admin,,,,,,Pending,Pending,
730,732,,,"الإعدادات والتكاملات والمراقبة | Settings, Integrations & Monitoring",admin,,,,,,Pending,Pending,
731,733,,,"الإعدادات والتكاملات والمراقبة | Settings, Integrations & Monitoring",admin,,,,,,Pending,Pending,
732,734,,,"الإعدادات والتكاملات والمراقبة | Settings, Integrations & Monitoring",admin,,,,,,Pending,Pending,
733,735,,,"الإعدادات والتكاملات والمراقبة | Settings, Integrations & Monitoring",admin,,,,,,Pending,Pending,
734,736,,,"الإعدادات والتكاملات والمراقبة | Settings, Integrations & Monitoring",admin,,,,,,Pending,Pending,
735,737,,,"الإعدادات والتكاملات والمراقبة | Settings, Integrations & Monitoring",admin,,,,,,Pending,Pending,
736,738,,,"الإعدادات والتكاملات والمراقبة | Settings, Integrations & Monitoring",admin,,,,,,Pending,Pending,
737,739,,,"الإعدادات والتكاملات والمراقبة | Settings, Integrations & Monitoring",admin,,,,,,Pending,Pending,
738,740,,,"الإعدادات والتكاملات والمراقبة | Settings, Integrations & Monitoring",admin,,,,,,Pending,Pending,
739,741,,,"الإعدادات والتكاملات والمراقبة | Settings, Integrations & Monitoring",admin,,,,,,Pending,Pending,
740,742,,,"الإعدادات والتكاملات والمراقبة | Settings, Integrations & Monitoring",admin,,,,,,Pending,Pending,
741,743,,,"الإعدادات والتكاملات والمراقبة | Settings, Integrations & Monitoring",admin,,,,,,Pending,Pending,
742,744,,,"الإعدادات والتكاملات والمراقبة | Settings, Integrations & Monitoring",admin,,,,,,Pending,Pending,
743,745,,,"الإعدادات والتكاملات والمراقبة | Settings, Integrations & Monitoring",admin,,,,,,Pending,Pending,
744,746,,,"الإعدادات والتكاملات والمراقبة | Settings, Integrations & Monitoring",admin,,,,,,Pending,Pending,
745,747,,,"الإعدادات والتكاملات والمراقبة | Settings, Integrations & Monitoring",admin,,,,,,Pending,Pending,
746,748,,,"الإعدادات والتكاملات والمراقبة | Settings, Integrations & Monitoring",admin,,,,,,Pending,Pending,
747,749,,,"الإعدادات والتكاملات والمراقبة | Settings, Integrations & Monitoring",admin,,,,,,Pending,Pending,
748,750,,,"الإعدادات والتكاملات والمراقبة | Settings, Integrations & Monitoring",admin,,,,,,Pending,Pending,
749,751,,,"الإعدادات والتكاملات والمراقبة | Settings, Integrations & Monitoring",admin,,,,,,Pending,Pending,
750,752,,,"الإعدادات والتكاملات والمراقبة | Settings, Integrations & Monitoring",admin,,,,,,Pending,Pending,
751,753,,,"الإعدادات والتكاملات والمراقبة | Settings, Integrations & Monitoring",admin,,,,,,Pending,Pending,
752,754,,,"الإعدادات والتكاملات والمراقبة | Settings, Integrations & Monitoring",admin,,,,,,Pending,Pending,
753,755,,,"الإعدادات والتكاملات والمراقبة | Settings, Integrations & Monitoring",admin,,,,,,Pending,Pending,
754,756,,,"الإعدادات والتكاملات والمراقبة | Settings, Integrations & Monitoring",admin,,,,,,Pending,Pending,
